,brent,wti,usdkrw
2010-01-04,79.05,81.52,1149.0
2010-01-05,79.27,81.74,1138.2
2010-01-06,80.14,83.12,1130.0
2010-01-07,80.57,82.6,1135.0
2010-01-08,80.06,82.74,1127.75
2010-01-11,80.14,82.54,1120.0
2010-01-12,79.38,80.79,1120.25
2010-01-13,77.57,79.66,1122.0
2010-01-14,77.61,79.35,1122.5
2010-01-15,76.85,77.96,1123.0
2010-01-19,75.18,78.98,1129.3
2010-01-20,75.09,77.42,1133.5
2010-01-21,74.13,75.84,1141.0
2010-01-22,72.73,74.25,1153.0
2010-01-25,72.18,74.9,1146.0
2010-01-26,72.63,74.67,1163.1
2010-01-27,72.75,73.64,1162.0
2010-01-28,70.65,73.62,1151.4
2010-01-29,71.2,72.85,1158.7
2010-02-01,71.58,74.41,1165.75
2010-02-02,73.94,77.21,1158.95
2010-02-03,75.77,76.96,1148.1
2010-02-04,71.3,73.13,1145.9
2010-02-05,70.11,71.15,1168.95
2010-02-08,69.62,71.87,1170.0
2010-02-09,70.4,73.71,1158.0
2010-02-10,70.4,74.48,1161.0
2010-02-11,72.35,75.23,1156.2
2010-02-12,71.49,74.11,1151.0
2010-02-16,74.82,76.98,1147.0
2010-02-17,74.89,77.27,1144.0
2010-02-18,76.61,78.97,1144.2
2010-02-19,76.88,79.77,1153.0
2010-02-22,76.95,80.04,1149.2
2010-02-23,76.44,78.61,1155.0
2010-02-24,77.0,79.75,1156.0
2010-02-25,74.38,77.99,1166.2
2010-02-26,76.36,79.72,1159.0
2010-03-01,76.07,78.71,1153.0
2010-03-02,77.5,79.62,1147.0
2010-03-03,78.66,80.91,1141.0
2010-03-04,77.88,80.21,1145.5
2010-03-05,79.2,81.5,1139.5
2010-03-08,78.94,81.85,1131.5
2010-03-09,78.77,81.5,1135.15
2010-03-10,80.29,82.07,1128.1
2010-03-11,79.44,82.1,1133.43
2010-03-12,79.38,81.26,1128.33
2010-03-15,77.08,79.79,1134.5
2010-03-16,79.45,81.75,1133.0
2010-03-17,80.28,82.93,1128.0
2010-03-18,80.09,82.16,1131.5
2010-03-19,78.37,80.58,1133.58
2010-03-22,78.09,81.26,1135.5
2010-03-23,79.17,81.68,1136.8
2010-03-24,78.03,80.29,1137.0
2010-03-25,78.64,80.25,1142.3
2010-03-26,77.98,79.75,1138.0
2010-03-29,79.89,81.92,1135.0
2010-03-30,79.46,82.14,1131.0
2010-03-31,80.37,83.45,1131.2
2010-04-01,82.63,84.53,1126.3
2010-04-05,84.48,86.36,1122.8
2010-04-06,85.05,86.54,1123.9
2010-04-07,84.49,85.64,1120.0
2010-04-08,82.63,85.17,1123.0
2010-04-09,82.77,84.6,1117.0
2010-04-12,85.21,84.07,1114.0
2010-04-13,83.44,83.8,1123.7
2010-04-14,85.81,85.62,1111.5
2010-04-15,86.9,85.25,1107.0
2010-04-16,84.81,82.97,1110.0
2010-04-19,83.09,81.52,1118.1
2010-04-20,84.73,82.98,1117.8
2010-04-21,84.55,82.78,1107.6
2010-04-22,84.58,82.89,1108.2
2010-04-23,86.09,84.34,1108.5
2010-04-26,86.72,84.2,1104.0
2010-04-27,85.59,82.43,1110.0
2010-04-28,84.59,83.22,1118.0
2010-04-29,86.82,85.17,1114.8
2010-04-30,86.19,86.07,1108.0
2010-05-03,88.09,86.19,1118.4
2010-05-04,85.39,82.73,1115.0
2010-05-05,82.31,80.0,1115.0
2010-05-06,80.21,77.18,1140.9
2010-05-07,76.48,75.1,1155.3
2010-05-10,78.08,76.89,1131.8
2010-05-11,79.0,76.37,1133.75
2010-05-12,78.7,75.65,1144.02
2010-05-13,79.41,74.38,1129.2
2010-05-14,76.43,71.61,1130.0
2010-05-17,73.87,70.08,1152.75
2010-05-18,75.12,69.38,1146.0
2010-05-19,71.86,69.91,1163.9
2010-05-20,69.56,68.28,1193.5
2010-05-21,70.45,68.03,1193.0
2010-05-24,69.62,68.23,1213.65
2010-05-25,67.18,64.78,1250.0
2010-05-26,70.59,71.52,1253.2
2010-05-27,73.56,74.56,1222.95
2010-05-28,73.0,74.0,1194.5
2010-06-01,73.08,72.7,1216.0
2010-06-02,72.78,72.88,1216.5
2010-06-03,73.12,74.62,1198.5
2010-06-04,71.84,71.43,1201.5
2010-06-07,71.09,71.55,1235.61
2010-06-08,71.43,71.88,1233.99
2010-06-09,73.68,74.38,1247.3
2010-06-10,74.33,75.48,1250.4
2010-06-11,73.28,73.89,1245.9
2010-06-14,75.11,74.99,1221.2
2010-06-15,75.29,76.84,1229.0
2010-06-16,76.12,77.67,1211.0
2010-06-17,77.52,76.82,1212.8
2010-06-18,77.05,77.18,1202.55
2010-06-21,78.53,77.84,1173.6
2010-06-22,78.08,77.15,1182.95
2010-06-23,75.22,75.9,1187.1
2010-06-24,75.17,75.96,1188.9
2010-06-25,76.21,78.45,1215.1
2010-06-28,76.66,78.26,1202.85
2010-06-29,74.21,75.93,1216.85
2010-06-30,74.94,75.59,1220.85
2010-07-01,71.73,72.95,1227.0
2010-07-02,71.75,72.06,1228.5
2010-07-06,73.08,71.96,1222.0
2010-07-07,72.97,74.05,1221.55
2010-07-08,74.56,75.46,1209.4
2010-07-09,75.2,76.08,1197.5
2010-07-12,74.35,74.93,1203.35
2010-07-13,76.45,77.16,1212.5
2010-07-14,76.63,77.02,1201.55
2010-07-15,75.52,76.67,1201.5
2010-07-16,75.55,75.96,1202.5
2010-07-19,76.29,76.53,1216.0
2010-07-20,76.31,77.32,1206.4
2010-07-21,75.75,76.27,1203.5
2010-07-22,77.59,79.01,1202.95
2010-07-23,77.27,78.68,1198.5
2010-07-26,77.9,78.93,1191.0
2010-07-27,75.52,77.46,1181.95
2010-07-28,76.66,77.06,1185.0
2010-07-29,78.6,78.3,1185.35
2010-07-30,77.5,78.85,1182.0
2010-08-02,81.93,81.25,1172.5
2010-08-03,83.6,82.52,1167.2
2010-08-04,83.76,82.49,1167.25
2010-08-05,82.9,82.0,1166.0
2010-08-06,81.28,80.67,1161.0
2010-08-09,81.54,81.46,1160.0
2010-08-10,79.89,80.24,1168.6
2010-08-11,77.83,78.09,1182.0
2010-08-12,76.63,75.68,1185.9
2010-08-13,75.14,75.39,1183.7
2010-08-16,74.56,75.17,1186.9
2010-08-17,76.74,75.76,1176.0
2010-08-18,75.1,75.39,1174.0
2010-08-19,74.84,74.45,1172.15
2010-08-20,73.48,73.45,1183.2
2010-08-23,73.08,72.71,1181.6
2010-08-24,70.61,71.24,1191.0
2010-08-25,70.74,72.07,1196.15
2010-08-26,74.5,73.36,1190.1
2010-08-27,75.16,75.17,1195.1
2010-08-30,76.05,74.69,1191.0
2010-08-31,75.51,71.93,1198.0
2010-09-01,75.53,73.97,1184.0
2010-09-02,74.93,74.99,1178.0
2010-09-03,75.03,74.52,1173.0
2010-09-07,75.78,73.98,1177.0
2010-09-08,77.48,74.65,1171.5
2010-09-09,77.87,74.25,1166.75
2010-09-10,77.54,76.4,1164.85
2010-09-13,78.52,77.17,1159.0
2010-09-14,78.89,76.78,1159.5
2010-09-15,78.46,75.92,1158.0
2010-09-16,78.89,74.58,1161.0
2010-09-17,77.43,73.63,1160.0
2010-09-20,79.42,74.81,1160.5
2010-09-21,78.76,72.96,1160.0
2010-09-22,77.29,72.98,1150.0
2010-09-23,77.69,73.4,1150.65
2010-09-24,78.73,74.63,1154.2
2010-09-27,77.71,76.51,1146.0
2010-09-28,79.14,76.15,1145.5
2010-09-29,78.79,77.85,1139.0
2010-09-30,80.77,79.95,1140.1
2010-10-01,82.69,81.57,1130.25
2010-10-04,83.42,81.43,1122.25
2010-10-05,83.35,82.83,1129.85
2010-10-06,85.01,83.21,1117.4
2010-10-07,83.67,81.34,1114.0
2010-10-08,83.88,82.66,1120.7
2010-10-12,82.99,81.67,1130.15
2010-10-13,84.01,83.03,1119.0
2010-10-14,83.55,82.71,1110.4
2010-10-15,81.94,81.23,1109.6
2010-10-18,82.3,83.06,1115.0
2010-10-19,81.12,79.57,1126.7
2010-10-20,81.68,81.93,1124.9
2010-10-21,81.28,80.03,1128.4
2010-10-22,80.75,81.15,1125.6
2010-10-25,81.91,82.0,1115.6
2010-10-26,82.62,82.6,1122.0
2010-10-27,81.27,81.9,1130.0
2010-10-28,82.97,82.2,1123.0
2010-10-29,82.47,81.45,1124.0
2010-11-01,84.06,82.94,1116.73
2010-11-02,84.71,83.91,1111.0
2010-11-03,85.33,84.45,1109.8
2010-11-04,86.83,86.49,1106.53
2010-11-05,87.05,86.85,1107.7
2010-11-08,87.15,87.07,1114.0
2010-11-09,87.93,87.04,1111.4
2010-11-10,87.92,87.77,1109.6
2010-11-12,86.07,84.89,1127.2
2010-11-15,85.49,84.88,1134.7
2010-11-16,83.98,82.33,1129.8
2010-11-17,83.36,80.43,1143.75
2010-11-18,83.7,81.88,1129.9
2010-11-19,83.17,81.65,1131.15
2010-11-22,82.34,81.24,1126.0
2010-11-23,82.37,80.79,1162.0
2010-11-24,84.53,83.21,1146.0
2010-11-26,84.78,83.87,1153.95
2010-11-29,85.9,85.73,1164.05
2010-11-30,86.02,84.12,1157.2
2010-12-01,88.56,86.75,1149.0
2010-12-02,89.37,87.98,1148.0
2010-12-03,90.65,89.18,1136.5
2010-12-06,91.25,89.33,1136.7
2010-12-07,90.78,88.69,1130.0
2010-12-08,89.74,88.3,1142.5
2010-12-09,89.93,88.35,1140.0
2010-12-10,89.54,87.81,1143.0
2010-12-13,90.4,88.62,1144.9
2010-12-14,90.63,88.33,1139.0
2010-12-15,91.33,88.66,1154.95
2010-12-16,91.09,87.71,1155.0
2010-12-17,91.11,88.02,1155.05
2010-12-20,91.31,88.68,1154.1
2010-12-21,93.11,89.3,1155.15
2010-12-22,93.55,89.83,1153.9
2010-12-23,93.63,90.84,1151.9
2010-12-27,93.08,90.99,1148.9
2010-12-28,93.52,91.48,1143.0
2010-12-29,93.52,91.13,1143.0
2010-12-30,92.5,89.85,1130.6
2011-01-03,95.82,91.59,1124.3
2011-01-04,93.52,89.39,1124.2
2011-01-05,95.07,90.3,1127.3
2011-01-06,94.95,88.37,1121.0
2011-01-07,94.25,88.07,1120.2
2011-01-10,95.05,89.24,1128.1
2011-01-11,96.8,91.11,1124.0
2011-01-12,97.86,91.85,1111.6
2011-01-13,97.86,91.39,1111.2
2011-01-14,97.86,91.53,1114.55
2011-01-18,97.83,91.38,1111.0
2011-01-19,98.42,90.85,1113.2
2011-01-20,96.27,88.56,1124.1
2011-01-21,96.84,88.22,1118.0
2011-01-24,96.76,86.74,1118.0
2011-01-25,96.76,85.08,1121.6
2011-01-26,96.04,86.15,1116.0
2011-01-27,96.48,84.45,1114.3
2011-01-28,97.06,88.15,1115.6
2011-01-31,98.97,90.99,1119.1
2011-02-01,100.4,89.54,1113.6
2011-02-02,101.3,89.78,1113.6
2011-02-03,101.69,89.42,1113.6
2011-02-04,99.43,87.87,1113.6
2011-02-07,99.44,86.3,1103.6
2011-02-08,99.25,85.85,1100.9
2011-02-09,100.16,85.59,1107.4
2011-02-10,100.74,85.44,1120.9
2011-02-11,99.93,84.39,1126.3
2011-02-14,103.12,83.66,1125.9
2011-02-15,102.48,83.13,1121.3
2011-02-16,102.78,83.8,1115.3
2011-02-17,103.45,85.05,1114.5
2011-02-18,102.2,85.03,1111.0
2011-02-22,106.82,92.65,1125.35
2011-02-23,109.77,96.04,1125.2
2011-02-24,113.91,95.83,1130.55
2011-02-25,111.47,96.52,1125.0
2011-02-28,112.27,97.1,1123.7
2011-03-01,113.34,99.63,1123.5
2011-03-02,116.89,102.27,1121.0
2011-03-03,114.42,101.92,1115.4
2011-03-04,115.71,104.34,1117.5
2011-03-07,116.58,105.37,1115.35
2011-03-08,112.32,105.06,1115.0
2011-03-09,115.19,104.39,1114.45
2011-03-10,114.07,102.73,1123.7
2011-03-11,114.07,101.14,1126.0
2011-03-14,112.95,101.2,1127.0
2011-03-15,111.11,97.23,1135.6
2011-03-16,110.96,97.99,1132.6
2011-03-17,114.18,101.47,1133.1
2011-03-18,114.13,101.06,1126.0
2011-03-21,114.92,102.36,1121.5
2011-03-22,115.63,104.53,1120.6
2011-03-23,115.65,105.21,1124.1
2011-03-24,115.41,105.04,1118.6
2011-03-25,115.45,104.89,1110.7
2011-03-28,115.95,,1111.5
2011-03-29,115.58,104.34,1112.2
2011-03-30,115.35,103.8,1100.5
2011-03-31,116.94,106.19,1097.25
2011-04-01,118.63,107.55,1086.7
2011-04-04,120.07,108.14,1086.45
2011-04-05,122.87,107.82,1086.5
2011-04-06,123.01,108.38,1084.0
2011-04-07,122.9,109.82,1088.6
2011-04-08,126.3,,1082.0
2011-04-11,126.46,109.5,1085.5
2011-04-12,121.33,,1091.8
2011-04-13,122.7,106.6,1086.3
2011-04-14,122.74,,1086.55
2011-04-15,124.63,109.17,1087.0
2011-04-18,121.69,106.7,1088.0
2011-04-19,121.35,,1085.7
2011-04-20,124.26,,1076.5
2011-04-21,123.64,,1079.5
2011-04-26,124.55,111.72,1083.6
2011-04-27,124.94,112.31,1078.8
2011-04-28,126.59,112.38,1072.9
2011-05-02,126.64,113.03,1065.5
2011-05-03,124.01,110.6,1071.3
2011-05-04,121.55,,1076.3
2011-05-05,111.93,,1081.3
2011-05-06,113.69,,1085.1
2011-05-09,113.21,,1081.0
2011-05-10,117.82,103.39,1082.2
2011-05-11,115.66,97.88,1076.0
2011-05-12,112.87,,1088.0
2011-05-13,113.08,,1086.8
2011-05-16,113.72,,1091.7
2011-05-17,109.39,96.4,1088.3
2011-05-18,112.54,99.52,1087.6
2011-05-19,113.2,,1086.0
2011-05-20,111.25,,1082.7
2011-05-23,110.13,97.06,1097.8
2011-05-24,112.52,,1093.2
2011-05-25,114.47,,1101.6
2011-05-26,115.06,,1089.0
2011-05-27,114.85,,1082.2
2011-05-31,117.18,102.7,1078.0
2011-06-01,116.15,100.3,1076.2
2011-06-02,114.3,,1081.4
2011-06-03,115.09,100.28,1077.0
2011-06-06,115.4,,1078.55
2011-06-07,116.14,,1081.8
2011-06-08,118.43,100.77,1080.0
2011-06-09,119.95,,1082.8
2011-06-10,118.71,99.3,1084.0
2011-06-13,120.49,97.2,1085.2
2011-06-14,120.35,,1082.4
2011-06-15,114.67,,1083.0
2011-06-16,114.69,,1091.15
2011-06-17,113.74,,1085.8
2011-06-20,112.21,,1082.25
2011-06-21,112.02,93.7,1078.45
2011-06-22,113.59,,1073.85
2011-06-23,108.27,90.7,1082.85
2011-06-24,104.79,,1078.7
2011-06-27,104.57,,1084.95
2011-06-28,107.57,92.9,1080.3
2011-06-29,111.49,,1073.0
2011-06-30,111.71,95.3,1066.3
2011-07-01,109.82,94.81,1065.05
2011-07-05,113.21,,1065.0
2011-07-06,113.55,,1066.5
2011-07-07,117.4,98.7,1063.9
2011-07-08,117.4,96.2,1056.9
2011-07-11,117.35,,1057.6
2011-07-12,117.36,,1064.05
2011-07-13,118.46,,1055.1
2011-07-14,117.38,95.75,1055.55
2011-07-15,118.06,97.24,1058.0
2011-07-18,117.05,95.94,1061.85
2011-07-19,118.18,97.49,1059.6
2011-07-20,118.52,98.11,1053.95
2011-07-21,118.25,98.96,1054.5
2011-07-22,118.99,,1050.25
2011-07-25,118.27,98.97,1053.45
2011-07-26,118.14,99.61,1049.2
2011-07-27,117.99,97.4,1052.5
2011-07-28,118.16,97.48,1051.55
2011-07-29,115.93,95.68,1054.0
2011-08-01,116.37,94.98,1051.3
2011-08-02,116.02,93.78,1052.4
2011-08-03,113.74,91.87,1058.85
2011-08-04,110.22,86.75,1061.5
2011-08-05,106.92,86.89,1067.2
2011-08-08,103.06,81.27,1082.9
2011-08-09,103.63,79.32,1087.45
2011-08-10,103.84,83.05,1080.1
2011-08-11,107.82,85.48,1078.2
2011-08-12,108.17,85.19,1078.9
2011-08-15,108.89,87.88,1078.8
2011-08-16,109.69,86.65,1068.05
2011-08-17,111.37,87.58,1068.55
2011-08-18,108.36,82.38,1076.75
2011-08-19,109.37,82.33,1087.2
2011-08-22,108.83,84.42,1083.15
2011-08-23,110.35,85.35,1077.2
2011-08-24,111.91,84.99,1083.65
2011-08-25,111.91,85.15,1088.25
2011-08-26,112.29,85.37,1079.5
2011-08-30,115.59,88.9,1072.15
2011-08-31,116.48,88.81,1063.9
2011-09-01,116.43,88.93,1061.4
2011-09-02,115.92,86.45,1064.85
2011-09-06,113.29,85.99,1076.9
2011-09-07,117.5,89.34,1070.65
2011-09-08,117.99,89.05,1075.3
2011-09-09,115.1,87.24,1077.1
2011-09-12,114.75,88.19,1076.75
2011-09-13,114.08,90.21,1076.75
2011-09-14,113.1,88.91,1107.45
2011-09-15,116.71,89.4,1113.25
2011-09-16,116.26,87.96,1112.4
2011-09-19,112.89,85.7,1139.4
2011-09-20,114.39,86.92,1140.0
2011-09-21,114.26,85.77,1152.4
2011-09-22,109.21,80.29,1179.7
2011-09-23,109.17,79.58,1164.9
2011-09-26,107.9,79.97,1181.0
2011-09-27,109.54,84.18,1164.5
2011-09-28,108.52,80.94,1171.9
2011-09-29,107.08,81.87,1172.6
2011-09-30,105.42,78.93,1180.9
2011-10-03,103.61,77.34,1180.0
2011-10-04,101.84,75.4,1197.5
2011-10-05,103.77,79.41,1186.5
2011-10-06,104.38,82.32,1184.0
2011-10-07,106.56,82.7,1170.5
2011-10-11,109.22,85.54,1171.15
2011-10-12,112.44,85.3,1164.5
2011-10-13,112.45,83.96,1157.75
2011-10-14,114.33,86.8,1156.0
2011-10-17,112.92,86.38,1148.35
2011-10-18,112.08,88.34,1149.5
2011-10-19,111.76,86.11,1133.5
2011-10-20,109.0,86.07,1147.0
2011-10-21,111.6,87.19,1147.2
2011-10-24,111.67,91.12,1133.2
2011-10-25,112.11,92.98,1131.25
2011-10-26,110.43,90.2,1134.65
2011-10-27,112.45,93.96,1106.6
2011-10-28,110.01,93.32,1102.5
2011-10-31,108.43,93.19,1112.05
2011-11-01,106.97,92.19,1122.05
2011-11-02,110.82,92.51,1120.65
2011-11-03,110.76,94.07,1127.4
2011-11-04,112.22,94.26,1110.6
2011-11-07,114.75,95.52,1117.3
2011-11-08,115.61,96.8,1118.1
2011-11-09,115.29,95.74,1118.85
2011-11-10,113.32,97.78,1131.85
2011-11-14,112.57,98.14,1126.05
2011-11-15,111.9,99.37,1128.5
2011-11-16,111.91,102.59,1134.15
2011-11-17,109.25,98.82,1132.15
2011-11-18,107.82,97.67,1138.5
2011-11-21,105.98,96.73,1143.0
2011-11-22,107.77,97.76,1146.65
2011-11-23,106.83,96.16,1159.7
2011-11-25,106.08,96.91,1162.0
2011-11-28,109.38,98.21,1152.5
2011-11-29,111.25,99.79,1139.5
2011-11-30,111.22,100.36,1140.05
2011-12-01,108.83,100.2,1126.55
2011-12-02,109.59,100.97,1128.0
2011-12-05,110.18,100.94,1124.5
2011-12-06,110.16,101.25,1128.5
2011-12-07,110.07,100.45,1129.05
2011-12-08,108.23,98.35,1133.55
2011-12-09,107.91,99.4,1146.6
2011-12-12,107.82,97.77,1149.2
2011-12-13,109.25,100.24,1157.0
2011-12-14,105.72,94.92,1158.3
2011-12-15,104.52,93.84,1156.95
2011-12-16,104.0,93.55,1158.5
2011-12-19,104.55,93.86,1175.5
2011-12-20,107.8,97.16,1157.0
2011-12-21,108.0,98.54,1150.8
2011-12-22,108.98,99.42,1154.0
2011-12-23,109.28,99.72,1149.0
2011-12-28,107.54,99.44,1157.0
2011-12-29,106.89,99.68,1156.5
2011-12-30,108.09,98.83,1158.5
2012-01-03,111.12,102.96,1143.7
2012-01-04,113.37,103.22,1147.35
2012-01-05,113.59,101.81,1155.55
2012-01-06,111.96,101.56,1160.0
2012-01-09,111.07,101.31,1158.8
2012-01-10,113.3,102.24,1153.55
2012-01-11,111.66,100.89,1159.55
2012-01-12,112.97,99.03,1151.25
2012-01-13,109.88,98.69,1150.35
2012-01-17,110.55,100.7,1142.85
2012-01-18,109.81,100.61,1139.0
2012-01-19,109.54,100.32,1133.6
2012-01-20,108.5,98.15,1133.0
2012-01-23,109.46,99.47,1125.4
2012-01-24,108.38,98.84,1129.25
2012-01-25,108.48,99.23,1129.05
2012-01-26,109.08,99.76,1120.1
2012-01-27,110.5,99.47,1120.5
2012-01-30,110.24,98.75,1128.0
2012-01-31,110.26,98.46,1125.7
2012-02-01,111.96,97.63,1126.35
2012-02-02,110.96,96.36,1115.65
2012-02-03,112.56,97.8,1116.0
2012-02-06,115.47,96.89,1121.0
2012-02-07,116.86,98.55,1117.0
2012-02-08,117.18,98.8,1116.4
2012-02-09,118.4,99.88,1118.55
2012-02-10,118.13,98.68,1123.0
2012-02-13,118.73,100.39,1119.95
2012-02-14,118.3,100.82,1126.55
2012-02-15,120.25,101.82,1124.65
2012-02-16,121.0,102.33,1128.65
2012-02-17,120.69,103.27,1126.25
2012-02-21,120.85,105.88,1124.25
2012-02-22,123.07,105.99,1126.45
2012-02-23,124.53,107.44,1128.9
2012-02-24,124.89,109.39,1124.0
2012-02-27,126.46,108.49,1127.25
2012-02-28,124.02,106.59,1125.85
2012-02-29,122.23,107.08,1117.1
2012-03-01,125.76,108.76,1116.0
2012-03-02,125.93,106.68,1116.5
2012-03-05,126.68,106.7,1116.0
2012-03-06,125.03,104.71,1122.64
2012-03-07,125.37,106.16,1123.7
2012-03-08,127.96,106.65,1117.2
2012-03-09,128.08,107.4,1116.0
2012-03-12,127.27,106.34,1124.15
2012-03-13,128.14,106.7,1123.45
2012-03-14,126.98,105.49,1126.1
2012-03-15,123.63,105.19,1124.85
2012-03-16,125.09,107.03,1125.7
2012-03-19,125.76,108.09,1120.35
2012-03-20,124.38,105.68,1128.05
2012-03-21,123.89,106.87,1130.25
2012-03-22,122.49,104.98,1134.6
2012-03-23,125.21,106.43,1135.0
2012-03-26,125.85,107.07,1133.35
2012-03-27,125.25,107.32,1134.4
2012-03-28,124.41,105.4,1136.3
2012-03-29,123.23,102.79,1139.75
2012-03-30,123.41,103.03,1131.4
2012-04-02,124.44,105.25,1125.75
2012-04-04,123.04,101.53,1131.25
2012-04-05,123.58,103.29,1129.5
2012-04-10,121.89,101.12,1139.5
2012-04-11,120.41,102.66,1143.35
2012-04-12,120.57,103.69,1137.4
2012-04-13,120.62,102.84,1134.2
2012-04-16,118.23,102.92,1138.0
2012-04-17,117.41,104.23,1134.75
2012-04-18,115.18,102.65,1139.35
2012-04-19,117.0,102.38,1138.2
2012-04-20,118.08,103.58,1138.1
2012-04-23,116.66,102.68,1142.5
2012-04-24,117.74,103.1,1138.4
2012-04-25,117.45,103.72,1139.0
2012-04-26,119.33,104.56,1133.0
2012-04-27,119.3,104.86,1131.0
2012-04-30,118.66,104.89,1130.05
2012-05-01,119.57,106.17,1128.35
2012-05-02,117.57,105.25,1129.1
2012-05-03,115.91,102.56,1130.4
2012-05-04,111.66,98.49,1134.25
2012-05-08,110.48,97.13,1138.46
2012-05-09,111.89,96.8,1143.95
2012-05-10,112.24,97.1,1142.15
2012-05-11,112.5,96.03,1146.15
2012-05-14,110.79,94.75,1153.5
2012-05-15,111.4,93.97,1156.1
2012-05-16,109.8,92.78,1166.25
2012-05-17,109.31,92.53,1165.75
2012-05-18,108.03,91.51,1170.0
2012-05-21,109.02,92.57,1167.0
2012-05-22,109.76,91.44,1165.0
2012-05-23,106.88,89.4,1174.85
2012-05-24,107.2,90.36,1176.72
2012-05-25,107.86,90.64,1185.0
2012-05-29,107.55,90.75,1175.82
2012-05-30,103.85,87.79,1180.41
2012-05-31,103.86,86.52,1180.0
2012-06-01,98.63,83.17,1182.0
2012-06-04,97.74,83.95,1178.99
2012-06-05,98.65,84.31,1177.08
2012-06-06,101.14,85.05,1173.89
2012-06-07,100.05,84.78,1162.75
2012-06-08,97.57,84.08,1173.59
2012-06-11,98.6,82.58,1171.0
2012-06-12,96.59,83.35,1168.5
2012-06-13,97.29,82.56,1166.23
2012-06-14,96.46,83.83,1163.78
2012-06-15,97.13,84.03,1164.25
2012-06-18,95.21,83.26,1157.0
2012-06-19,95.14,83.99,1153.0
2012-06-20,93.5,81.06,1151.37
2012-06-21,89.22,77.91,1153.75
2012-06-22,89.22,79.33,1158.34
2012-06-25,88.69,78.76,1163.25
2012-06-26,90.19,79.34,1157.6
2012-06-27,92.06,80.27,1156.01
2012-06-28,91.02,77.72,1157.61
2012-06-29,94.17,85.04,1141.17
2012-07-02,95.28,83.72,1143.4
2012-07-03,99.89,87.74,1133.0
2012-07-05,101.54,87.11,1133.54
2012-07-06,98.5,84.37,1140.3
2012-07-09,99.94,85.93,1141.88
2012-07-10,99.15,83.92,1140.63
2012-07-11,99.23,85.88,1140.5
2012-07-12,99.18,86.02,1154.04
2012-07-13,101.91,87.15,1147.53
2012-07-16,102.1,88.41,1146.18
2012-07-17,104.21,89.07,1144.83
2012-07-18,105.92,89.88,1141.34
2012-07-19,107.79,92.78,1138.3
2012-07-20,106.98,91.56,1142.0
2012-07-23,103.91,87.77,1151.03
2012-07-24,103.57,88.28,1148.78
2012-07-25,102.35,88.8,1148.89
2012-07-26,104.77,89.4,1146.17
2012-07-27,106.3,90.13,1138.01
2012-07-30,106.54,89.8,1137.22
2012-07-31,105.93,88.08,1130.27
2012-08-01,106.78,88.99,1126.56
2012-08-02,107.55,87.22,1131.58
2012-08-03,109.57,91.4,1134.25
2012-08-06,110.01,92.3,1127.93
2012-08-07,112.39,93.68,1128.7
2012-08-08,113.42,93.39,1129.77
2012-08-09,113.52,93.39,1126.0
2012-08-10,113.13,92.94,1130.75
2012-08-13,114.48,92.76,1128.73
2012-08-14,113.9,93.4,1130.24
2012-08-15,115.51,94.35,1130.08
2012-08-16,116.12,95.66,1133.19
2012-08-17,115.2,96.0,1134.72
2012-08-20,115.5,96.03,1134.93
2012-08-21,116.03,96.55,1130.37
2012-08-22,115.77,96.89,1135.56
2012-08-23,117.45,95.87,1131.35
2012-08-24,115.76,95.78,1134.15
2012-08-27,113.74,95.54,1134.49
2012-08-28,112.62,96.3,1134.45
2012-08-29,112.53,95.5,1134.97
2012-08-30,112.28,94.61,1134.18
2012-08-31,113.93,96.47,1133.2
2012-09-04,114.98,95.34,1133.23
2012-09-05,113.32,95.37,1135.96
2012-09-06,114.5,95.58,1133.45
2012-09-07,113.64,96.41,1129.85
2012-09-10,113.84,96.52,1128.55
2012-09-11,114.86,97.03,1127.94
2012-09-12,114.86,97.02,1126.6
2012-09-13,116.0,98.3,1128.49
2012-09-14,117.48,98.94,1116.65
2012-09-17,116.7,96.51,1116.39
2012-09-18,113.29,95.25,1117.95
2012-09-19,108.49,91.97,1115.74
2012-09-20,109.41,92.14,1121.25
2012-09-21,111.27,92.64,1118.7
2012-09-24,109.2,91.68,1120.34
2012-09-25,110.77,91.07,1119.3
2012-09-26,108.99,89.92,1119.2
2012-09-27,111.45,91.89,1116.03
2012-09-28,111.36,92.18,1111.21
2012-10-01,112.58,92.44,1112.29
2012-10-02,112.49,91.88,1112.5
2012-10-03,109.32,88.19,1112.88
2012-10-04,110.48,91.69,1111.6
2012-10-05,112.17,89.87,1107.0
2012-10-09,114.32,92.42,1111.22
2012-10-10,116.11,91.24,1114.61
2012-10-11,116.18,92.19,1112.07
2012-10-12,115.17,91.83,1110.5
2012-10-15,115.0,91.84,1110.24
2012-10-16,115.0,92.07,1106.1
2012-10-17,113.49,92.04,1104.74
2012-10-18,112.58,92.0,1104.66
2012-10-19,111.89,90.0,1105.51
2012-10-22,109.62,88.3,1103.98
2012-10-23,107.53,86.65,1103.1
2012-10-24,107.66,85.39,1103.12
2012-10-25,107.64,85.59,1098.0
2012-10-26,108.9,85.84,1097.03
2012-10-29,109.33,85.52,1095.76
2012-10-30,109.4,85.65,1091.33
2012-10-31,109.89,86.23,1090.17
2012-11-01,108.84,87.05,1090.27
2012-11-02,106.79,84.9,1090.7
2012-11-05,105.59,85.64,1091.0
2012-11-06,109.27,88.62,1090.19
2012-11-07,108.21,84.5,1086.5
2012-11-08,107.23,85.07,1089.23
2012-11-09,108.61,86.08,1087.76
2012-11-13,108.82,85.38,1089.44
2012-11-14,109.66,86.32,1086.0
2012-11-15,110.07,85.45,1088.5
2012-11-16,106.81,86.62,1091.77
2012-11-19,110.06,89.05,1085.97
2012-11-20,110.01,86.46,1082.58
2012-11-21,110.81,87.08,1082.0
2012-11-23,110.14,87.01,1085.0
2012-11-26,110.18,87.28,1085.62
2012-11-27,109.33,86.81,1086.25
2012-11-28,108.26,86.1,1085.35
2012-11-29,110.47,87.64,1083.17
2012-11-30,110.84,88.54,1081.75
2012-12-03,111.27,88.69,1082.65
2012-12-04,109.99,88.04,1083.69
2012-12-05,108.96,87.36,1081.99
2012-12-06,108.01,85.47,1083.3
2012-12-07,107.16,85.45,1081.56
2012-12-10,108.25,85.14,1077.43
2012-12-11,107.6,85.36,1074.85
2012-12-12,110.17,86.35,1073.35
2012-12-13,110.18,85.39,1073.9
2012-12-14,109.28,86.32,1074.74
2012-12-17,109.35,86.71,1072.3
2012-12-18,109.96,87.46,1072.75
2012-12-19,109.95,89.09,1071.4
2012-12-20,110.57,89.76,1074.3
2012-12-21,109.13,88.2,1075.4
2012-12-24,108.44,88.29,1073.24
2012-12-26,110.72,90.71,1072.29
2012-12-27,110.04,90.91,1071.67
2012-12-28,110.05,90.66,1070.4
2012-12-31,110.8,91.83,1063.24
2013-01-02,112.98,93.14,1063.3
2013-01-03,113.03,92.97,1062.95
2013-01-04,112.58,93.12,1062.0
2013-01-07,112.49,93.2,1062.5
2013-01-08,113.03,93.21,1063.5
2013-01-09,113.07,93.08,1060.1
2013-01-10,112.97,93.81,1058.12
2013-01-11,110.3,93.6,1056.09
2013-01-14,111.32,94.27,1056.0
2013-01-15,111.72,93.26,1057.62
2013-01-16,110.97,94.28,1058.35
2013-01-17,111.01,95.49,1057.82
2013-01-18,111.71,95.61,1058.4
2013-01-22,112.72,96.09,1062.95
2013-01-23,113.68,95.06,1067.02
2013-01-24,114.59,95.35,1067.95
2013-01-25,113.88,95.15,1075.33
2013-01-28,113.92,95.95,1091.22
2013-01-29,115.22,97.62,1082.4
2013-01-30,115.42,97.98,1085.85
2013-01-31,115.55,97.65,1087.46
2013-02-01,115.55,97.46,1094.79
2013-02-04,116.06,96.21,1089.35
2013-02-05,117.03,96.68,1086.17
2013-02-06,116.61,96.44,1089.0
2013-02-07,117.17,95.84,1090.15
2013-02-08,118.9,95.71,1095.65
2013-02-11,118.29,97.01,1095.5
2013-02-12,117.89,97.48,1093.13
2013-02-13,118.43,97.03,1085.72
2013-02-14,118.48,97.3,1085.14
2013-02-15,117.4,95.95,1078.22
2013-02-19,117.04,96.69,1079.65
2013-02-20,116.23,94.92,1079.85
2013-02-21,114.19,92.79,1086.8
2013-02-22,113.74,93.12,1085.03
2013-02-25,114.55,92.74,1086.0
2013-02-26,112.96,92.63,1089.82
2013-02-27,112.24,92.84,1084.99
2013-02-28,112.2,92.03,1083.9
2013-03-01,110.14,90.71,1083.9
2013-03-04,109.9,90.13,1090.8
2013-03-05,110.42,90.88,1086.58
2013-03-06,110.27,90.47,1084.36
2013-03-07,110.42,91.53,1087.49
2013-03-08,108.91,92.01,1089.15
2013-03-11,108.64,92.07,1093.9
2013-03-12,108.48,92.44,1095.28
2013-03-13,107.51,92.47,1098.42
2013-03-14,108.1,93.03,1107.49
2013-03-15,109.32,93.49,1110.62
2013-03-18,108.54,93.71,1114.19
2013-03-19,106.91,92.44,1112.93
2013-03-20,108.27,93.21,1115.62
2013-03-21,106.41,92.46,1115.41
2013-03-22,106.51,93.41,1119.2
2013-03-25,106.66,94.55,1110.88
2013-03-26,107.1,95.99,1107.36
2013-03-27,108.51,96.53,1111.09
2013-03-28,108.46,97.24,1113.14
2013-04-01,108.76,97.1,1114.38
2013-04-02,109.66,97.23,1117.87
2013-04-03,107.82,95.02,1116.68
2013-04-04,105.09,93.26,1123.57
2013-04-05,103.98,92.76,1136.82
2013-04-08,103.16,93.36,1140.34
2013-04-09,104.08,94.18,1139.19
2013-04-10,104.8,94.59,1135.35
2013-04-11,103.62,93.44,1128.85
2013-04-12,100.58,91.23,1129.24
2013-04-15,99.32,88.75,1119.0
2013-04-16,97.88,88.73,1114.0
2013-04-17,96.84,86.65,1121.0
2013-04-18,97.48,87.83,1119.48
2013-04-19,98.94,88.04,1119.03
2013-04-22,99.07,88.81,1119.51
2013-04-23,99.25,89.21,1119.53
2013-04-24,100.71,91.07,1117.94
2013-04-25,101.62,93.27,1111.35
2013-04-26,102.39,92.63,1111.1
2013-04-29,102.88,94.09,1104.0
2013-04-30,101.53,93.22,1101.52
2013-05-01,98.34,90.74,1100.35
2013-05-02,100.32,93.7,1101.4
2013-05-03,104.6,95.25,1096.67
2013-05-06,105.0,95.8,1094.34
2013-05-07,105.18,,1090.0
2013-05-08,103.79,96.24,1086.0
2013-05-09,103.59,96.09,1091.12
2013-05-10,101.31,95.81,1106.0
2013-05-13,102.17,94.76,1113.12
2013-05-14,102.7,93.96,1109.62
2013-05-15,101.57,93.95,1114.62
2013-05-16,104.27,94.85,1117.54
2013-05-17,103.83,95.72,1117.3
2013-05-20,104.55,96.29,1118.19
2013-05-21,103.1,95.55,1110.62
2013-05-22,102.14,93.98,1113.85
2013-05-23,100.46,94.12,1128.35
2013-05-24,101.24,93.84,1126.4
2013-05-28,103.77,94.65,1128.07
2013-05-29,102.14,93.13,1132.08
2013-05-30,101.79,93.57,1127.9
2013-05-31,100.43,91.93,1129.34
2013-06-03,101.63,93.41,1127.18
2013-06-04,102.04,93.36,1122.31
2013-06-05,103.51,93.66,1118.55
2013-06-06,103.37,94.71,1118.9
2013-06-07,104.07,96.11,1117.17
2013-06-10,103.87,95.82,1127.38
2013-06-11,101.5,95.5,1133.0
2013-06-12,103.11,95.98,1127.76
2013-06-13,103.38,96.66,1129.07
2013-06-14,105.1,97.83,1127.2
2013-06-17,105.8,97.86,1127.0
2013-06-18,105.21,98.46,1134.24
2013-06-19,105.56,98.24,1130.25
2013-06-20,102.72,94.89,1145.9
2013-06-21,100.36,93.81,1156.0
2013-06-24,99.8,95.07,1161.34
2013-06-25,101.51,95.25,1152.78
2013-06-26,100.62,95.47,1155.0
2013-06-27,102.74,97.0,1147.69
2013-06-28,102.49,96.36,1141.45
2013-07-01,103.19,97.94,1135.27
2013-07-02,103.96,99.65,1133.8
2013-07-03,106.12,101.92,1140.95
2013-07-05,107.46,103.09,1141.65
2013-07-08,107.75,103.03,1147.94
2013-07-09,107.9,103.46,1141.25
2013-07-10,108.43,106.41,1134.66
2013-07-11,108.18,104.77,1124.21
2013-07-12,109.03,105.85,1123.85
2013-07-15,109.05,106.2,1121.06
2013-07-16,109.29,105.88,1114.65
2013-07-17,109.67,106.39,1116.86
2013-07-18,109.71,107.94,1124.08
2013-07-19,109.34,108.0,1120.43
2013-07-22,108.82,106.61,1118.46
2013-07-23,109.27,107.13,1116.66
2013-07-24,108.23,105.41,1115.52
2013-07-25,108.1,105.47,1116.15
2013-07-26,107.57,104.76,1112.55
2013-07-29,108.1,104.61,1112.21
2013-07-30,107.47,103.14,1115.79
2013-07-31,107.89,105.1,1122.66
2013-08-01,109.94,107.93,1122.99
2013-08-02,109.63,106.94,1123.85
2013-08-05,109.81,106.61,1113.5
2013-08-06,108.77,105.32,1113.81
2013-08-07,108.39,104.41,1117.05
2013-08-08,107.32,103.45,1112.25
2013-08-09,108.49,106.04,1111.16
2013-08-12,109.28,106.19,1113.97
2013-08-13,110.69,106.78,1118.22
2013-08-14,110.26,106.89,1117.9
2013-08-15,111.58,107.43,1118.0
2013-08-16,111.82,107.58,1113.04
2013-08-19,111.41,107.14,1117.88
2013-08-20,110.74,104.9,1120.6
2013-08-21,110.82,103.93,1116.86
2013-08-22,110.51,104.93,1120.92
2013-08-23,112.12,106.48,1113.48
2013-08-26,112.23,105.88,1112.6
2013-08-27,115.21,109.11,1116.78
2013-08-28,116.27,110.17,1114.25
2013-08-29,116.91,108.51,1112.19
2013-08-30,115.97,107.98,1109.42
2013-09-03,115.49,108.67,1097.75
2013-09-04,115.65,107.29,1093.77
2013-09-05,115.81,108.5,1096.8
2013-09-06,117.15,110.62,1091.9
2013-09-09,115.2,109.62,1086.8
2013-09-10,112.1,107.48,1085.43
2013-09-11,112.37,107.65,1085.76
2013-09-12,113.11,108.72,1082.77
2013-09-13,113.31,108.31,1085.88
2013-09-16,110.86,106.54,1081.34
2013-09-17,109.05,105.36,1082.15
2013-09-18,109.09,108.23,1081.4
2013-09-19,110.66,106.26,1070.88
2013-09-20,110.22,104.7,1076.02
2013-09-23,108.56,103.62,1073.9
2013-09-24,107.68,103.22,1074.35
2013-09-25,109.46,102.68,1076.42
2013-09-26,108.86,103.1,1075.2
2013-09-27,109.45,102.86,1074.38
2013-09-30,107.85,102.36,1073.33
2013-10-01,107.32,102.09,1072.9
2013-10-02,109.09,104.15,1074.02
2013-10-03,109.49,103.29,1074.02
2013-10-04,109.42,103.83,1070.0
2013-10-07,109.66,103.07,1071.29
2013-10-08,110.56,103.54,1074.15
2013-10-09,109.02,101.63,1075.48
2013-10-10,111.63,103.08,1071.19
2013-10-11,110.65,102.17,1071.55
2013-10-15,110.67,101.15,1064.33
2013-10-16,110.79,102.34,1066.0
2013-10-17,109.55,100.72,1062.38
2013-10-18,109.4,100.87,1060.02
2013-10-21,109.47,99.28,1060.93
2013-10-22,109.57,97.63,1057.5
2013-10-23,107.74,96.9,1057.45
2013-10-24,106.63,96.65,1061.5
2013-10-25,105.7,97.4,1062.3
2013-10-28,108.29,98.74,1060.7
2013-10-29,108.04,98.29,1061.92
2013-10-30,108.41,96.81,1058.4
2013-10-31,107.53,96.29,1060.83
2013-11-01,105.78,94.56,1060.91
2013-11-04,104.85,94.58,1062.38
2013-11-05,105.01,93.4,1061.03
2013-11-06,105.46,94.74,1059.77
2013-11-07,103.08,94.25,1062.78
2013-11-08,104.29,94.56,1062.12
2013-11-12,106.29,93.12,1072.65
2013-11-13,106.9,93.91,1070.56
2013-11-14,108.29,93.76,1068.21
2013-11-15,108.25,93.8,1062.35
2013-11-18,108.8,93.03,1054.84
2013-11-19,108.29,93.35,1054.86
2013-11-20,108.27,93.34,1056.28
2013-11-21,109.9,95.35,1061.9
2013-11-22,111.36,94.53,1060.99
2013-11-25,110.83,93.86,1059.35
2013-11-26,112.04,93.41,1060.07
2013-11-27,111.32,92.05,1060.9
2013-11-29,111.07,92.55,1057.76
2013-12-02,111.49,93.61,1058.0
2013-12-03,113.06,95.83,1059.97
2013-12-04,113.27,96.97,1061.02
2013-12-05,112.07,97.14,1058.27
2013-12-06,111.5,97.48,1056.0
2013-12-09,110.07,97.1,1050.05
2013-12-10,108.91,,1052.0
2013-12-11,109.47,97.25,1051.5
2013-12-12,108.99,97.21,1050.75
2013-12-13,108.08,96.27,1052.9
2013-12-16,110.3,97.18,1052.6
2013-12-17,108.91,96.99,1050.65
2013-12-18,109.56,97.59,1051.75
2013-12-19,110.78,98.4,1059.28
2013-12-20,112.15,99.11,1061.35
2013-12-23,111.58,98.62,1060.4
2013-12-24,111.57,98.87,1059.25
2013-12-26,111.65,99.18,1059.1
2013-12-27,112.06,99.94,1053.72
2013-12-30,110.47,98.9,1054.52
2013-12-31,109.95,98.17,1055.25
2014-01-02,107.94,95.14,1050.3
2014-01-03,106.57,93.66,1055.0
2014-01-06,106.71,93.12,1065.01
2014-01-07,107.01,93.31,1068.5
2014-01-08,107.42,91.9,1065.45
2014-01-09,107.49,91.36,1062.89
2014-01-10,106.44,92.39,1061.32
2014-01-13,108.02,91.45,1056.7
2014-01-14,107.12,92.15,1059.43
2014-01-15,108.09,93.78,1062.6
2014-01-16,107.46,93.54,1063.0
2014-01-17,108.45,93.96,1060.8
2014-01-21,109.17,94.51,1065.05
2014-01-22,109.69,96.35,1067.3
2014-01-23,109.69,97.23,1073.1
2014-01-24,109.14,96.66,1080.1
2014-01-27,108.72,95.82,1083.7
2014-01-28,109.1,97.49,1079.14
2014-01-29,108.83,97.34,1069.8
2014-01-30,109.36,98.25,1080.11
2014-01-31,108.16,97.55,1080.36
2014-02-03,106.55,96.44,1084.25
2014-02-04,107.04,97.24,1083.7
2014-02-05,106.81,97.4,1077.6
2014-02-06,108.15,97.84,1078.8
2014-02-07,110.12,99.98,1073.83
2014-02-10,110.18,100.12,1072.3
2014-02-11,109.21,99.96,1070.8
2014-02-12,108.62,100.38,1062.14
2014-02-13,108.98,100.27,1066.2
2014-02-14,108.63,100.31,1062.9
2014-02-18,110.14,102.54,1065.54
2014-02-19,110.37,103.46,1065.25
2014-02-20,109.42,103.2,1072.0
2014-02-21,109.03,102.53,1072.15
2014-02-24,109.76,103.17,1074.0
2014-02-25,109.19,102.2,1072.78
2014-02-26,109.39,102.93,1065.72
2014-02-27,108.54,102.68,1068.85
2014-02-28,108.98,102.88,1066.01
2014-03-03,111.26,105.34,1069.9
2014-03-04,109.17,103.64,1071.2
2014-03-05,108.15,101.75,1070.85
2014-03-06,107.99,101.82,1064.1
2014-03-07,109.14,102.82,1064.2
2014-03-10,108.27,101.39,1066.5
2014-03-11,108.35,100.29,1065.13
2014-03-12,107.88,98.29,1070.2
2014-03-13,107.48,98.57,1068.35
2014-03-14,108.08,99.23,1071.33
2014-03-17,106.99,98.43,1067.15
2014-03-18,106.79,100.08,1068.5
2014-03-19,105.95,100.71,1070.53
2014-03-20,105.73,99.68,1076.28
2014-03-21,107.2,99.97,1079.6
2014-03-24,106.59,100.05,1077.7
2014-03-25,107.01,99.66,1078.67
2014-03-26,105.9,100.61,1074.97
2014-03-27,106.58,101.25,1071.65
2014-03-28,106.64,101.73,1068.85
2014-03-31,105.95,101.57,1064.65
2014-04-01,105.7,99.69,1058.3
2014-04-02,103.37,99.6,1057.2
2014-04-03,104.88,100.29,1057.5
2014-04-04,106.41,101.16,1053.85
2014-04-07,104.89,100.43,1055.17
2014-04-08,105.83,102.57,1052.1
2014-04-09,107.39,103.55,1041.25
2014-04-10,107.1,103.37,1039.9
2014-04-11,107.34,103.68,1035.4
2014-04-14,107.68,104.05,1039.29
2014-04-15,109.1,103.7,1041.07
2014-04-16,109.71,103.71,1038.2
2014-04-17,109.79,104.33,1038.0
2014-04-21,109.69,104.35,1038.56
2014-04-22,108.54,101.69,1037.45
2014-04-23,108.48,101.47,1039.35
2014-04-24,109.79,102.2,1039.5
2014-04-25,109.53,100.85,1040.95
2014-04-28,109.12,101.13,1034.9
2014-04-29,109.89,101.56,1029.83
2014-04-30,108.63,100.07,1032.85
2014-05-01,108.63,99.69,1032.75
2014-05-02,109.48,100.09,1029.55
2014-05-05,109.48,99.74,1029.5
2014-05-06,108.3,99.81,1029.5
2014-05-07,108.17,101.06,1022.46
2014-05-08,108.19,100.52,1022.6
2014-05-09,108.26,100.32,1024.23
2014-05-12,108.37,100.89,1024.29
2014-05-13,108.78,102.01,1021.85
2014-05-14,109.87,102.63,1027.5
2014-05-15,109.74,101.74,1025.1
2014-05-16,110.9,102.31,1023.42
2014-05-19,110.84,102.95,1021.87
2014-05-20,110.35,102.8,1025.0
2014-05-21,111.32,104.31,1026.7
2014-05-22,110.89,104.03,1024.3
2014-05-23,110.19,105.01,1024.45
2014-05-27,109.81,104.78,1022.95
2014-05-28,109.09,103.37,1021.7
2014-05-29,109.98,104.26,1020.5
2014-05-30,109.21,103.4,1020.3
2014-06-02,109.34,103.07,1024.0
2014-06-03,108.87,103.34,1023.0
2014-06-04,109.07,103.27,1023.0
2014-06-05,108.43,103.17,1019.7
2014-06-06,109.21,103.32,1019.7
2014-06-09,110.55,105.09,1016.35
2014-06-10,109.18,105.02,1016.95
2014-06-11,109.83,105.04,1015.6
2014-06-12,112.18,107.2,1017.6
2014-06-13,113.15,107.49,1017.8
2014-06-16,113.42,107.52,1020.0
2014-06-17,114.02,106.95,1022.3
2014-06-18,114.25,106.64,1021.85
2014-06-19,115.19,107.08,1018.37
2014-06-20,114.55,107.95,1020.81
2014-06-23,113.62,106.83,1018.1
2014-06-24,113.74,106.64,1018.05
2014-06-25,112.84,107.04,1019.55
2014-06-26,112.61,106.49,1016.0
2014-06-27,112.62,106.46,1013.3
2014-06-30,111.03,106.07,1011.6
2014-07-01,110.84,106.06,1010.7
2014-07-02,110.18,105.18,1009.1
2014-07-03,108.98,104.76,1008.85
2014-07-07,108.7,104.19,1011.1
2014-07-08,107.65,104.06,1011.5
2014-07-09,106.84,102.93,1012.1
2014-07-10,106.2,103.61,1013.1
2014-07-11,105.77,101.48,1018.6
2014-07-14,104.73,101.73,1018.95
2014-07-15,104.73,100.56,1026.75
2014-07-16,105.41,101.88,1031.9
2014-07-17,106.04,103.84,1028.95
2014-07-18,106.03,103.83,1029.1
2014-07-21,105.71,105.34,1026.65
2014-07-22,106.48,104.59,1024.2
2014-07-23,106.85,103.81,1023.5
2014-07-24,105.78,102.76,1029.05
2014-07-25,106.89,105.23,1025.6
2014-07-28,106.7,105.68,1026.1
2014-07-29,106.98,104.91,1024.65
2014-07-30,106.47,104.29,1024.55
2014-07-31,104.94,98.23,1027.75
2014-08-01,103.45,97.86,1036.85
2014-08-04,103.63,98.26,1032.95
2014-08-05,102.82,97.34,1027.9
2014-08-06,104.17,96.93,1033.75
2014-08-07,104.02,97.34,1036.75
2014-08-08,103.36,97.61,1036.4
2014-08-11,103.47,98.09,1029.8
2014-08-12,101.68,97.36,1026.9
2014-08-13,102.27,97.57,1029.35
2014-08-14,101.15,95.54,1026.9
2014-08-15,101.13,97.3,1020.95
2014-08-18,99.37,96.44,1017.35
2014-08-19,99.74,94.35,1017.35
2014-08-20,99.92,96.4,1022.6
2014-08-21,100.28,93.97,1023.4
2014-08-22,100.09,93.61,1017.8
2014-08-25,100.49,95.39,1019.65
2014-08-26,100.5,95.78,1016.25
2014-08-27,100.4,95.82,1013.95
2014-08-28,100.71,96.44,1014.85
2014-08-29,101.12,97.86,1013.85
2014-09-02,100.21,92.92,1018.2
2014-09-03,100.88,95.5,1019.55
2014-09-04,101.21,94.51,1018.7
2014-09-05,99.51,93.32,1024.25
2014-09-08,99.53,92.64,1024.0
2014-09-09,98.08,92.73,1034.05
2014-09-10,96.26,91.71,1034.2
2014-09-11,96.42,92.89,1035.9
2014-09-12,96.31,92.18,1034.9
2014-09-15,96.43,92.86,1037.8
2014-09-16,97.39,94.91,1035.95
2014-09-17,97.7,94.33,1034.55
2014-09-18,96.82,93.07,1043.3
2014-09-19,96.75,92.43,1043.55
2014-09-22,95.37,91.46,1040.75
2014-09-23,94.87,91.55,1039.9
2014-09-24,94.53,93.6,1039.77
2014-09-25,95.2,93.59,1042.6
2014-09-26,95.08,95.55,1044.1
2014-09-29,95.7,94.53,1053.15
2014-09-30,94.67,91.17,1054.55
2014-10-01,94.57,90.74,1062.7
2014-10-02,91.29,91.02,1061.1
2014-10-03,90.8,89.76,1061.1
2014-10-06,90.65,90.33,1068.75
2014-10-07,90.9,88.89,1069.4
2014-10-08,90.25,87.29,1074.4
2014-10-09,90.47,85.76,1062.6
2014-10-10,88.66,85.87,1073.1
2014-10-15,84.02,81.82,1058.9
2014-10-16,84.02,82.33,1060.16
2014-10-17,85.27,82.8,1063.62
2014-10-20,84.42,82.76,1057.58
2014-10-21,85.17,83.25,1054.69
2014-10-22,86.38,80.52,1052.47
2014-10-23,85.94,82.81,1057.87
2014-10-24,86.0,81.27,1055.58
2014-10-27,85.64,,1050.99
2014-10-28,85.57,81.36,1047.0
2014-10-29,86.91,82.25,1043.89
2014-10-30,85.5,81.06,1053.8
2014-10-31,84.17,80.53,1073.07
2014-11-03,84.9,78.77,1077.63
2014-11-04,82.12,77.15,1076.99
2014-11-05,82.88,78.71,1089.38
2014-11-06,82.08,77.87,1084.0
2014-11-07,83.2,78.71,1086.5
2014-11-10,82.9,77.43,1089.28
2014-11-12,80.42,77.16,1093.62
2014-11-13,77.74,74.13,1093.61
2014-11-14,77.51,75.91,1102.23
2014-11-17,76.86,75.64,1098.12
2014-11-18,77.23,74.55,1096.64
2014-11-19,77.21,74.55,1112.04
2014-11-20,77.61,75.63,1111.96
2014-11-21,79.2,76.52,1111.05
2014-11-24,79.62,75.74,1114.66
2014-11-25,77.62,74.04,1108.68
2014-11-26,77.39,73.7,1103.26
2014-11-28,71.89,65.94,1112.06
2014-12-01,70.87,68.98,1108.36
2014-12-02,71.13,66.99,1115.35
2014-12-03,70.13,,1114.57
2014-12-04,68.48,66.73,1110.89
2014-12-05,68.0,65.89,1117.74
2014-12-08,65.64,63.13,1112.52
2014-12-09,66.11,63.74,1102.31
2014-12-10,63.32,60.99,1103.75
2014-12-11,63.65,60.01,1101.83
2014-12-12,61.67,57.81,1103.01
2014-12-15,61.09,55.96,1098.24
2014-12-16,60.26,55.97,1080.83
2014-12-17,59.84,56.43,1094.59
2014-12-18,58.81,54.18,1101.75
2014-12-19,58.87,56.91,1099.21
2014-12-22,58.31,55.25,1097.77
2014-12-23,59.07,56.78,1104.84
2014-12-24,58.67,,1103.22
2014-12-29,57.86,53.46,1097.34
2014-12-30,55.6,54.14,1096.06
2014-12-31,55.27,53.45,1090.89
2015-01-02,55.38,52.72,1103.73
2015-01-05,51.08,50.05,1109.07
2015-01-06,50.12,47.98,1098.14
2015-01-07,49.06,48.69,1101.51
2015-01-08,49.43,,1096.19
2015-01-09,47.64,48.35,1086.14
2015-01-12,46.9,46.06,1083.25
2015-01-13,45.13,45.92,1080.42
2015-01-14,45.82,48.49,1080.45
2015-01-15,47.66,46.37,1077.94
2015-01-16,47.38,48.49,1076.68
2015-01-20,46.49,46.79,1087.17
2015-01-21,46.5,47.85,1081.94
2015-01-22,46.09,,1081.75
2015-01-23,46.69,45.26,1075.75
2015-01-26,46.07,,1079.42
2015-01-27,46.55,,1075.31
2015-01-28,47.07,,1084.84
2015-01-29,46.61,,1098.6
2015-01-30,47.52,47.79,1104.3
2015-02-02,51.74,,1099.61
2015-02-03,54.41,53.04,1096.06
2015-02-04,55.07,,1086.79
2015-02-05,55.98,50.48,1087.05
2015-02-06,55.88,51.66,1097.26
2015-02-09,57.0,52.99,1096.4
2015-02-10,55.79,50.06,1098.61
2015-02-11,53.48,48.8,1108.19
2015-02-12,56.23,51.17,1100.87
2015-02-13,60.33,52.66,1097.2
2015-02-17,60.78,53.56,1107.33
2015-02-18,60.72,52.13,1112.82
2015-02-19,58.78,51.12,1110.69
2015-02-20,60.99,49.95,1110.06
2015-02-23,59.78,49.56,1108.25
2015-02-24,60.33,48.48,1108.05
2015-02-25,59.77,50.25,1101.53
2015-02-26,61.39,47.65,1100.33
2015-02-27,61.89,49.84,1100.65
2015-03-02,60.75,49.59,1101.46
2015-03-03,61.18,50.43,1095.65
2015-03-04,59.18,51.53,1100.2
2015-03-05,60.33,50.76,1100.11
2015-03-06,59.15,49.61,1110.36
2015-03-09,58.67,49.95,1114.18
2015-03-10,55.95,48.42,1123.32
2015-03-11,56.46,48.06,1131.33
2015-03-12,56.66,47.12,1120.13
2015-03-13,54.8,44.88,1135.7
2015-03-16,52.0,43.93,1129.62
2015-03-17,52.17,43.39,1127.69
2015-03-18,52.59,44.63,1127.09
2015-03-19,52.96,44.02,1121.21
2015-03-20,53.88,46.0,1113.87
2015-03-23,53.82,47.4,1106.68
2015-03-24,53.61,47.03,1104.2
2015-03-25,54.18,48.75,1099.72
2015-03-26,57.02,51.41,1103.59
2015-03-27,56.44,48.83,1103.6
2015-03-30,53.99,48.66,1106.39
2015-03-31,53.69,47.72,1107.71
2015-04-01,55.73,50.12,1098.1
2015-04-02,55.73,49.13,1089.49
2015-04-06,55.73,52.08,1083.38
2015-04-07,57.55,53.95,1093.76
2015-04-08,56.42,50.44,1093.77
2015-04-09,56.04,50.79,1093.8
2015-04-10,56.82,51.63,1093.13
2015-04-13,57.14,51.95,1100.41
2015-04-14,57.69,53.3,1090.76
2015-04-15,59.32,56.25,1095.07
2015-04-16,60.13,56.69,1086.89
2015-04-17,61.31,55.71,1081.99
2015-04-20,61.2,56.37,1081.27
2015-04-21,60.12,55.58,1081.54
2015-04-22,60.12,56.17,1080.64
2015-04-23,62.66,56.59,1080.0
2015-04-24,62.96,55.98,1075.85
2015-04-27,62.86,55.56,1071.01
2015-04-28,62.61,57.05,1063.03
2015-04-29,63.97,58.55,1066.48
2015-04-30,63.9,59.62,1076.74
2015-05-01,64.13,59.1,1080.22
2015-05-04,64.62,58.92,1081.19
2015-05-05,65.44,60.38,1080.46
2015-05-06,66.22,60.93,1077.23
2015-05-07,64.93,58.99,1093.55
2015-05-08,63.82,59.41,1087.28
2015-05-11,62.82,59.23,1095.39
2015-05-12,65.09,60.72,1093.81
2015-05-13,66.33,60.5,1089.72
2015-05-14,65.58,59.89,1089.46
2015-05-15,64.69,59.73,1083.05
2015-05-18,65.15,59.44,1088.19
2015-05-19,63.48,57.3,1093.94
2015-05-20,63.52,58.96,1097.62
2015-05-21,64.7,60.18,1092.41
2015-05-22,64.7,58.88,1093.46
2015-05-26,61.65,57.29,1106.06
2015-05-27,61.35,57.51,1107.84
2015-05-28,60.12,57.69,1109.86
2015-05-29,63.16,60.25,1111.99
2015-06-01,62.87,60.24,1115.61
2015-06-02,63.14,61.3,1109.34
2015-06-03,62.78,59.67,1104.33
2015-06-04,60.34,58.0,1112.56
2015-06-05,60.36,59.11,1121.18
2015-06-08,61.33,58.15,1121.95
2015-06-09,63.23,60.15,1119.38
2015-06-10,64.68,61.36,1110.32
2015-06-11,63.76,60.74,1113.24
2015-06-12,63.19,59.96,1111.63
2015-06-15,60.99,59.53,1114.94
2015-06-16,60.75,60.01,1118.08
2015-06-17,60.75,59.89,1122.83
2015-06-18,61.37,60.41,1101.55
2015-06-19,59.41,59.62,1102.64
2015-06-22,60.54,60.01,1098.85
2015-06-23,61.67,61.05,1104.54
2015-06-24,61.63,60.01,1110.67
2015-06-25,60.24,59.59,1111.05
2015-06-26,60.14,59.41,1122.31
2015-06-29,59.03,58.34,1119.09
2015-06-30,60.31,59.48,1117.34
2015-07-01,61.65,56.94,1123.89
2015-07-02,61.73,56.93,1119.95
2015-07-06,57.19,52.48,1125.58
2015-07-07,54.72,52.33,1133.75
2015-07-08,55.7,51.61,1131.75
2015-07-09,57.83,52.76,1133.69
2015-07-10,57.72,52.74,1127.29
2015-07-13,57.63,52.19,1133.93
2015-07-14,57.2,53.05,1142.75
2015-07-15,57.34,51.4,1146.42
2015-07-16,57.31,50.9,1145.24
2015-07-17,56.38,50.88,1148.48
2015-07-20,56.42,50.11,1156.38
2015-07-21,55.94,50.59,1148.33
2015-07-22,56.36,49.27,1156.49
2015-07-23,55.76,48.11,1160.64
2015-07-24,54.29,47.98,1169.02
2015-07-27,54.07,47.17,1167.75
2015-07-28,54.3,47.97,1161.09
2015-07-29,54.73,48.77,1158.49
2015-07-30,54.29,48.53,1173.42
2015-07-31,53.29,47.11,1159.7
2015-08-03,49.49,45.25,1168.63
2015-08-04,49.08,45.75,1161.2
2015-08-05,49.04,45.13,1174.4
2015-08-06,47.8,44.69,1163.25
2015-08-07,47.54,43.87,1164.0
2015-08-10,48.3,44.94,1161.69
2015-08-11,47.33,43.11,1181.36
2015-08-12,48.29,43.22,1175.03
2015-08-13,48.01,42.27,1176.02
2015-08-14,47.79,42.45,1177.62
2015-08-17,47.77,41.93,1181.53
2015-08-18,47.0,42.58,1185.85
2015-08-19,45.75,40.75,1184.35
2015-08-20,45.63,41.0,1185.63
2015-08-21,43.84,40.45,1194.6
2015-08-24,41.59,38.22,1191.13
2015-08-25,41.86,39.15,1195.25
2015-08-26,41.76,38.5,1185.52
2015-08-27,44.46,42.47,1170.49
2015-08-28,47.97,45.29,1180.93
2015-09-01,48.8,45.38,1179.78
2015-09-02,47.67,46.3,1183.46
2015-09-03,50.41,46.75,1188.07
2015-09-04,48.59,46.02,1196.4
2015-09-08,48.88,45.92,1195.57
2015-09-09,48.04,44.13,1186.52
2015-09-10,47.77,45.85,1184.87
2015-09-11,46.87,44.75,1182.25
2015-09-14,45.87,44.07,1181.17
2015-09-15,45.91,44.58,1178.69
2015-09-16,49.35,47.12,1169.77
2015-09-17,48.27,46.93,1163.11
2015-09-18,47.28,44.71,1164.13
2015-09-21,47.64,46.67,1179.24
2015-09-22,46.69,46.17,1186.1
2015-09-23,48.0,44.53,1193.96
2015-09-24,47.06,44.94,1195.48
2015-09-25,47.28,45.55,1190.14
2015-09-28,46.04,44.4,1193.32
2015-09-29,47.58,45.24,1194.28
2015-09-30,47.29,45.06,1184.62
2015-10-01,47.48,44.75,1180.04
2015-10-02,46.55,45.54,1175.48
2015-10-05,49.45,46.28,1158.54
2015-10-06,51.34,48.53,1160.7
2015-10-07,51.66,47.86,1153.72
2015-10-08,52.13,49.46,1155.57
2015-10-09,52.08,49.67,1145.67
2015-10-13,48.94,46.7,1147.42
2015-10-14,48.25,46.63,1140.39
2015-10-15,47.87,46.38,1120.9
2015-10-16,48.96,47.3,1130.73
2015-10-19,47.51,45.91,1130.57
2015-10-20,46.93,45.84,1128.64
2015-10-21,46.72,45.22,1137.09
2015-10-22,46.59,44.9,1131.48
2015-10-23,46.3,43.91,1135.0
2015-10-26,46.57,43.19,1127.47
2015-10-27,45.54,43.21,1134.57
2015-10-28,47.6,45.93,1130.31
2015-10-29,48.04,46.02,1142.39
2015-10-30,48.0,46.6,1140.5
2015-11-02,47.91,46.12,1140.5
2015-11-03,48.0,47.88,1140.5
2015-11-04,46.96,46.32,1136.45
2015-11-05,47.19,45.27,1140.5
2015-11-06,46.09,44.32,1140.5
2015-11-09,45.38,43.87,1160.42
2015-11-10,46.44,44.23,1158.34
2015-11-12,44.98,41.74,1158.6
2015-11-13,41.98,40.69,1169.79
2015-11-16,40.28,41.68,1172.67
2015-11-17,41.28,40.73,1169.08
2015-11-18,41.45,40.75,1167.89
2015-11-19,42.22,40.55,1156.08
2015-11-20,42.49,39.39,1151.63
2015-11-23,43.7,39.27,1159.14
2015-11-24,44.38,40.89,1149.39
2015-11-25,43.56,41.22,1140.67
2015-11-27,43.07,40.57,1154.43
2015-11-30,43.73,40.43,1149.39
2015-12-01,42.97,40.58,1149.39
2015-12-02,41.92,39.93,1149.39
2015-12-03,42.0,41.08,1149.39
2015-12-04,41.44,40.0,1149.39
2015-12-07,39.69,37.64,1172.68
2015-12-08,39.44,37.46,1179.6
2015-12-09,39.04,37.16,1181.75
2015-12-10,38.65,36.76,1176.39
2015-12-11,36.99,35.65,1188.0
2015-12-14,36.51,36.31,1186.2
2015-12-15,37.66,37.32,1176.66
2015-12-16,36.96,35.55,1177.19
2015-12-17,36.29,34.98,1187.7
2015-12-18,36.76,34.72,1178.04
2015-12-21,35.34,34.55,1173.87
2015-12-22,35.26,36.12,1169.26
2015-12-23,35.79,36.76,1140.67
2015-12-24,37.22,37.62,1167.94
2015-12-28,37.08,36.36,1169.26
2015-12-29,36.85,37.88,1169.26
2015-12-30,35.65,36.59,1177.53
2015-12-31,36.61,37.13,1169.26
2016-01-04,36.28,36.81,1191.46
2016-01-05,35.56,35.97,1190.43
2016-01-06,33.89,33.97,1200.16
2016-01-07,33.57,33.29,1193.05
2016-01-08,31.67,33.2,1206.97
2016-01-11,30.14,31.42,1206.55
2016-01-12,29.14,30.42,1208.95
2016-01-13,28.58,30.42,1208.95
2016-01-14,28.84,31.22,1211.28
2016-01-15,28.8,29.45,1216.95
2016-01-19,27.36,28.47,1205.61
2016-01-20,26.01,26.68,1215.4
2016-01-21,27.59,29.55,1204.31
2016-01-22,30.46,32.07,1195.66
2016-01-25,29.82,30.31,1194.3
2016-01-26,30.94,29.54,1199.64
2016-01-27,31.83,32.32,1199.25
2016-01-28,33.01,33.21,1204.08
2016-01-29,33.14,33.66,1210.04
2016-02-01,32.45,31.62,1203.19
2016-02-02,30.98,29.9,1212.01
2016-02-03,32.38,32.29,1211.33
2016-02-04,32.76,31.63,1186.11
2016-02-05,32.35,30.86,1204.69
2016-02-08,31.64,29.71,1205.1
2016-02-09,30.15,27.96,1200.39
2016-02-10,29.64,27.54,1189.69
2016-02-11,28.82,26.19,1196.89
2016-02-12,31.8,29.32,1205.13
2016-02-16,31.09,29.05,1219.44
2016-02-17,33.21,30.68,1222.32
2016-02-18,33.2,30.77,1231.15
2016-02-19,31.66,29.59,1231.09
2016-02-22,33.59,31.37,1223.32
2016-02-23,31.9,31.84,1230.05
2016-02-24,31.5,30.35,1234.6
2016-02-25,32.83,31.4,1237.39
2016-02-26,35.76,31.65,1242.59
2016-02-29,35.92,32.74,1238.09
2016-03-01,35.73,34.39,1229.56
2016-03-02,36.38,34.57,1227.59
2016-03-03,35.75,34.56,1209.55
2016-03-04,37.61,35.91,1195.09
2016-03-07,39.02,37.9,1200.08
2016-03-08,39.16,36.67,1206.19
2016-03-09,40.26,37.62,1206.82
2016-03-10,38.63,37.77,1204.09
2016-03-11,39.41,38.51,1184.56
2016-03-14,38.06,37.2,1187.39
2016-03-15,37.49,36.32,1194.99
2016-03-16,38.38,38.43,1190.59
2016-03-17,39.29,40.17,1155.83
2016-03-18,39.26,39.47,1160.11
2016-03-21,39.91,39.91,1157.33
2016-03-22,40.54,41.45,1154.58
2016-03-23,38.84,38.28,1166.59
2016-03-24,38.33,38.14,1168.09
2016-03-28,38.33,37.99,1163.39
2016-03-29,36.75,36.91,1164.69
2016-03-30,36.75,36.91,1142.02
2016-03-31,36.75,36.94,1138.86
2016-04-01,36.42,35.36,1147.15
2016-04-04,36.05,34.3,1151.35
2016-04-05,35.88,34.52,1158.39
2016-04-06,37.77,37.74,1155.28
2016-04-07,37.15,37.3,1156.81
2016-04-08,40.71,39.74,1148.89
2016-04-11,41.58,40.46,1141.97
2016-04-12,43.02,42.12,1144.53
2016-04-13,42.81,41.7,1146.29
2016-04-14,43.02,41.45,1151.99
2016-04-15,41.32,40.4,1144.83
2016-04-18,41.64,39.74,1144.48
2016-04-19,43.02,40.88,1126.01
2016-04-20,43.09,42.72,1130.48
2016-04-21,43.48,43.18,1135.49
2016-04-22,43.97,42.76,1147.85
2016-04-25,42.97,41.67,1147.76
2016-04-26,43.94,42.52,1146.66
2016-04-27,44.17,45.29,1151.5
2016-04-28,45.6,46.03,1139.93
2016-04-29,45.64,45.98,1144.09
2016-05-02,45.82,44.75,1138.45
2016-05-03,43.09,43.65,1148.69
2016-05-04,43.08,43.77,1164.59
2016-05-05,44.39,44.33,1165.93
2016-05-06,44.6,44.58,1167.29
2016-05-09,42.43,43.45,1174.25
2016-05-10,44.01,44.68,1169.89
2016-05-11,46.08,46.21,1162.47
2016-05-12,46.43,46.64,1168.7
2016-05-13,47.05,46.22,1176.85
2016-05-16,48.49,47.72,1177.21
2016-05-17,48.71,48.29,1173.67
2016-05-18,48.93,48.12,1185.77
2016-05-19,47.01,48.16,1189.25
2016-05-20,48.54,47.67,1186.93
2016-05-23,47.77,48.12,1183.39
2016-05-24,48.42,48.04,1186.39
2016-05-25,48.87,49.1,1182.21
2016-05-26,49.52,49.0,1178.09
2016-05-27,49.09,49.36,1180.59
2016-05-31,49.26,49.1,1188.99
2016-06-01,48.81,49.07,1192.09
2016-06-02,49.05,49.14,1186.69
2016-06-03,48.5,48.69,1167.79
2016-06-06,48.94,49.71,1162.28
2016-06-07,49.76,50.37,1154.8
2016-06-08,50.73,51.23,1153.83
2016-06-09,50.59,50.52,1159.29
2016-06-10,49.7,49.09,1167.61
2016-06-13,49.36,48.89,1169.74
2016-06-14,47.88,48.49,1176.78
2016-06-15,47.47,47.92,1167.53
2016-06-16,45.66,46.14,1176.49
2016-06-17,46.57,48.0,1171.77
2016-06-20,48.68,49.4,1156.8
2016-06-21,48.18,48.95,1154.35
2016-06-22,48.43,49.16,1147.99
2016-06-23,48.63,49.34,1143.27
2016-06-24,46.69,46.7,1167.56
2016-06-27,45.07,45.8,1181.24
2016-06-28,46.29,47.93,1169.31
2016-06-29,48.4,49.85,1153.09
2016-06-30,48.05,48.27,1154.15
2016-07-01,47.65,49.02,1146.49
2016-07-05,45.64,46.73,1156.79
2016-07-06,45.7,47.37,1160.59
2016-07-07,45.93,45.22,1154.89
2016-07-08,44.53,45.37,1148.71
2016-07-11,44.04,44.73,1148.97
2016-07-12,46.72,46.82,1146.47
2016-07-13,44.67,44.87,1145.01
2016-07-14,46.01,45.64,1130.65
2016-07-15,46.25,45.93,1135.49
2016-07-18,45.35,45.23,1134.39
2016-07-19,45.7,44.64,1140.56
2016-07-20,45.82,44.96,1142.33
2016-07-21,44.99,43.96,1137.31
2016-07-22,44.24,43.41,1137.49
2016-07-25,43.76,42.4,1140.8
2016-07-26,43.56,42.16,1137.59
2016-07-27,42.78,41.9,1135.09
2016-07-28,41.87,41.13,1124.79
2016-07-29,40.76,41.54,1112.89
2016-08-01,40.17,40.05,1106.15
2016-08-02,40.0,39.5,1108.35
2016-08-03,40.45,40.8,1116.21
2016-08-04,41.33,41.92,1111.99
2016-08-05,42.47,41.83,1114.54
2016-08-08,43.24,43.06,1108.24
2016-08-09,43.37,42.78,1101.45
2016-08-10,42.19,41.75,1095.84
2016-08-11,44.23,43.51,1097.39
2016-08-12,45.12,44.47,1100.79
2016-08-15,47.31,45.72,1095.83
2016-08-16,48.27,46.57,1093.95
2016-08-17,48.58,46.81,1114.25
2016-08-18,49.46,48.2,1107.41
2016-08-19,49.39,48.48,1116.37
2016-08-22,48.1,46.8,1120.93
2016-08-23,48.7,47.54,1116.91
2016-08-24,47.56,46.29,1121.34
2016-08-25,49.25,46.97,1115.23
2016-08-26,49.66,47.64,1111.47
2016-08-29,49.66,46.97,1121.53
2016-08-30,47.94,46.32,1118.27
2016-08-31,47.94,44.68,1115.98
2016-09-01,45.05,43.17,1116.89
2016-09-02,45.96,44.39,1114.87
2016-09-06,46.21,44.85,1093.04
2016-09-07,47.0,45.47,1090.03
2016-09-08,49.23,47.63,1095.27
2016-09-09,48.37,45.88,1106.83
2016-09-12,47.82,46.28,1112.03
2016-09-13,46.48,44.91,1124.61
2016-09-14,45.65,43.62,1123.81
2016-09-15,45.83,43.85,1122.83
2016-09-16,45.26,43.04,1127.37
2016-09-19,46.04,43.34,1117.44
2016-09-20,45.24,43.85,1117.34
2016-09-21,45.99,45.33,1112.17
2016-09-22,47.21,46.1,1100.59
2016-09-23,46.71,44.36,1102.21
2016-09-26,46.61,45.6,1106.99
2016-09-27,44.95,44.65,1099.22
2016-09-28,45.49,47.07,1096.73
2016-09-29,48.43,47.72,1097.39
2016-09-30,48.24,47.72,1097.98
2016-10-03,48.61,48.8,1104.79
2016-10-04,48.81,48.67,1110.77
2016-10-05,49.57,49.75,1114.53
2016-10-06,50.14,50.44,1114.53
2016-10-07,50.49,49.76,1115.95
2016-10-11,50.48,50.72,1124.21
2016-10-12,49.53,50.14,1127.23
2016-10-13,49.29,50.47,1133.31
2016-10-14,48.87,50.35,1133.13
2016-10-17,49.31,49.97,1137.61
2016-10-18,49.81,50.3,1123.75
2016-10-19,51.85,51.59,1120.01
2016-10-20,50.42,50.31,1128.39
2016-10-21,50.28,50.61,1137.17
2016-10-24,49.8,50.18,1135.4
2016-10-25,49.08,49.45,1129.89
2016-10-26,48.98,48.75,1134.94
2016-10-27,49.13,49.71,1145.85
2016-10-28,47.78,48.72,1146.49
2016-10-31,46.2,46.83,1145.37
2016-11-01,45.77,46.66,1142.68
2016-11-02,44.26,45.32,1148.39
2016-11-03,43.84,44.66,1142.68
2016-11-04,43.06,44.07,1142.68
2016-11-07,42.83,44.88,1141.27
2016-11-08,43.47,44.96,1131.39
2016-11-09,43.88,45.2,1150.64
2016-11-10,43.67,44.62,1162.11
2016-11-14,41.83,43.29,1171.25
2016-11-15,44.15,45.86,1170.21
2016-11-16,45.07,45.56,1172.41
2016-11-17,44.57,45.37,1176.03
2016-11-18,44.41,45.69,1177.71
2016-11-21,45.96,47.48,1178.51
2016-11-22,46.1,48.07,1173.25
2016-11-23,46.54,46.72,1181.57
2016-11-25,46.32,46.72,1174.99
2016-11-28,46.64,45.66,1170.53
2016-11-29,44.68,45.29,1169.99
2016-11-30,47.95,49.41,1175.87
2016-12-01,52.28,51.08,1167.31
2016-12-02,52.35,51.7,1167.7
2016-12-05,53.3,51.72,1168.11
2016-12-06,52.31,50.95,1171.5
2016-12-07,51.9,49.85,1161.67
2016-12-08,51.6,50.84,1162.49
2016-12-09,52.19,51.51,1171.88
2016-12-12,53.99,52.74,1164.37
2016-12-13,53.28,52.99,1164.65
2016-12-14,53.15,51.01,1165.13
2016-12-15,51.72,50.9,1185.35
2016-12-16,54.15,51.93,1183.72
2016-12-19,53.53,52.13,1187.71
2016-12-20,54.56,52.22,1192.13
2016-12-21,53.01,51.44,1193.91
2016-12-22,54.04,51.98,1204.65
2016-12-23,53.93,52.01,1201.51
2016-12-28,54.95,54.01,1212.22
2016-12-29,54.97,53.8,1207.05
2016-12-30,54.96,53.75,1203.73
2017-01-03,55.05,52.36,1207.23
2017-01-04,54.57,53.26,1198.07
2017-01-05,54.99,53.77,1182.46
2017-01-06,55.9,53.98,1198.85
2017-01-09,54.39,51.95,1200.51
2017-01-10,53.2,50.82,1196.96
2017-01-11,53.61,52.19,1197.59
2017-01-12,54.51,53.01,1170.93
2017-01-13,54.37,52.36,1177.81
2017-01-17,54.68,52.45,1161.61
2017-01-18,53.77,51.12,1170.73
2017-01-19,53.18,51.39,1177.03
2017-01-23,54.8,52.77,1165.82
2017-01-24,54.7,52.38,1165.25
2017-01-25,54.34,52.14,1164.13
2017-01-26,55.89,53.24,1169.61
2017-01-27,54.8,53.18,1175.73
2017-01-30,54.77,52.63,1171.27
2017-01-31,55.25,52.75,1151.45
2017-02-01,55.79,53.9,1154.45
2017-02-02,55.94,53.55,1139.9
2017-02-03,55.92,53.81,1134.65
2017-02-06,55.02,53.01,1134.87
2017-02-07,53.79,52.19,1142.89
2017-02-08,54.42,52.37,1143.25
2017-02-09,53.98,52.99,1149.88
2017-02-10,55.2,53.84,1146.78
2017-02-13,54.15,52.96,1150.16
2017-02-14,54.96,53.21,1139.33
2017-02-15,54.57,53.11,1136.46
2017-02-16,54.16,53.41,1140.57
2017-02-17,54.48,53.41,1150.73
2017-02-21,56.34,54.02,1143.63
2017-02-22,54.9,53.61,1142.15
2017-02-23,55.82,54.48,1129.84
2017-02-24,54.69,53.99,1130.41
2017-02-27,54.65,54.04,1130.14
2017-02-28,53.36,54.0,1129.17
2017-03-01,55.72,53.82,1140.75
2017-03-02,54.16,52.63,1146.9
2017-03-03,54.12,53.33,1156.77
2017-03-06,54.73,53.19,1154.36
2017-03-07,54.61,52.68,1149.87
2017-03-08,53.3,49.83,1154.69
2017-03-09,50.65,48.75,1158.12
2017-03-10,50.63,48.05,1150.37
2017-03-13,50.1,47.95,1150.37
2017-03-14,49.6,47.24,1148.54
2017-03-15,50.63,48.34,1144.16
2017-03-16,50.56,48.3,1148.54
2017-03-17,50.58,48.34,1128.67
2017-03-20,50.67,47.79,1112.29
2017-03-21,50.14,47.02,1118.23
2017-03-22,49.56,47.29,1117.91
2017-03-23,50.17,47.0,1117.91
2017-03-24,49.97,47.3,1116.69
2017-03-27,50.12,47.02,1108.3
2017-03-28,50.72,48.36,1111.51
2017-03-29,51.36,49.47,1112.28
2017-03-30,52.25,50.3,1114.11
2017-03-31,52.2,50.54,1117.48
2017-04-03,52.04,50.25,1117.65
2017-04-04,53.08,50.99,1122.61
2017-04-05,53.41,51.14,1126.58
2017-04-06,53.62,51.69,1131.21
2017-04-07,54.24,52.25,1133.89
2017-04-10,54.79,53.06,1141.24
2017-04-11,54.73,53.38,1147.77
2017-04-12,54.75,53.12,1138.83
2017-04-13,55.05,53.19,1133.32
2017-04-17,54.79,52.62,1134.25
2017-04-18,52.6,52.46,1143.89
2017-04-19,52.43,50.49,1142.37
2017-04-20,50.66,50.26,1136.29
2017-04-21,49.93,49.64,1134.22
2017-04-24,49.45,48.9,1132.19
2017-04-25,49.37,49.22,1126.54
2017-04-26,49.99,49.22,1133.17
2017-04-27,49.46,48.96,1133.83
2017-04-28,49.46,49.31,1136.99
2017-05-01,50.41,48.83,1134.87
2017-05-02,49.31,47.65,1129.16
2017-05-03,48.82,47.79,1131.25
2017-05-04,47.53,45.55,1134.2
2017-05-05,47.45,46.23,1136.49
2017-05-08,46.61,46.46,1132.91
2017-05-09,47.06,45.84,1134.84
2017-05-10,48.09,47.28,1132.13
2017-05-11,49.18,47.81,1127.51
2017-05-12,49.08,47.83,1121.68
2017-05-15,51.29,48.86,1115.01
2017-05-16,51.21,48.64,1115.0
2017-05-17,51.76,49.04,1118.67
2017-05-18,51.71,49.36,1129.17
2017-05-19,52.78,50.32,1116.71
2017-05-22,53.35,50.81,1114.71
2017-05-23,53.19,51.12,1125.02
2017-05-24,53.29,50.99,1122.83
2017-05-25,52.25,48.57,1119.71
2017-05-26,50.84,49.58,1118.67
2017-05-30,50.65,49.63,1122.87
2017-05-31,49.4,48.29,1119.58
2017-06-01,50.41,48.32,1120.85
2017-06-02,48.46,47.68,1117.49
2017-06-05,48.25,47.4,1118.44
2017-06-06,48.11,48.13,1118.53
2017-06-07,47.08,45.8,1124.16
2017-06-08,46.3,45.68,1122.73
2017-06-09,46.64,45.82,1123.51
2017-06-12,47.18,46.1,1130.55
2017-06-13,46.95,46.41,1127.79
2017-06-14,45.47,44.79,1116.45
2017-06-15,45.61,44.47,1129.91
2017-06-16,45.7,44.73,1133.2
2017-06-19,45.93,44.24,1134.69
2017-06-20,43.98,43.34,1141.33
2017-06-21,44.62,42.48,1143.01
2017-06-22,44.46,42.53,1143.01
2017-06-23,44.14,42.86,1132.99
2017-06-26,44.09,43.24,1132.48
2017-06-27,46.17,44.25,1137.77
2017-06-28,46.45,44.74,1141.91
2017-06-29,47.02,44.88,1144.07
2017-06-30,47.08,46.02,1143.75
2017-07-03,49.13,,1149.26
2017-07-05,47.58,45.11,1153.06
2017-07-06,48.53,45.52,1156.55
2017-07-07,46.47,44.25,1153.85
2017-07-10,46.57,44.4,1149.35
2017-07-11,46.68,45.06,1149.83
2017-07-12,46.73,45.48,1138.32
2017-07-13,47.65,46.06,1137.22
2017-07-14,47.89,46.53,1127.79
2017-07-17,47.66,46.02,1127.74
2017-07-18,47.92,46.4,1123.69
2017-07-19,48.34,47.1,1122.92
2017-07-20,48.54,46.73,1120.77
2017-07-21,47.47,45.78,1117.47
2017-07-24,47.81,46.21,1113.82
2017-07-25,49.19,47.77,1117.02
2017-07-26,50.08,48.58,1117.76
2017-07-27,50.67,49.05,1115.15
2017-07-28,52.0,49.72,1121.49
2017-07-31,51.99,50.21,1121.86
2017-08-01,50.77,49.19,1121.09
2017-08-02,52.09,49.6,1121.55
2017-08-03,52.88,49.03,1127.73
2017-08-04,52.48,49.57,1128.02
2017-08-07,51.42,49.37,1127.39
2017-08-08,52.18,49.07,1125.6
2017-08-09,52.16,49.59,1138.69
2017-08-10,52.59,48.54,1144.36
2017-08-11,51.47,48.81,1141.57
2017-08-14,51.29,47.59,1137.22
2017-08-15,49.9,47.57,1135.47
2017-08-16,50.39,46.8,1137.75
2017-08-17,50.37,47.07,1138.23
2017-08-18,50.96,48.59,1139.83
2017-08-21,51.94,47.39,1137.14
2017-08-22,52.29,47.65,1131.79
2017-08-23,52.31,48.45,1128.59
2017-08-24,51.73,47.24,1127.8
2017-08-25,51.87,47.65,1121.73
2017-08-28,51.87,46.4,1117.75
2017-08-29,51.64,46.46,1122.5
2017-08-30,51.91,45.96,1122.05
2017-08-31,52.69,47.26,1122.36
2017-09-01,53.15,47.32,1119.12
2017-09-05,53.63,48.63,1130.01
2017-09-06,54.48,49.13,1132.49
2017-09-07,54.16,49.1,1125.49
2017-09-08,54.55,47.44,1133.08
2017-09-11,54.2,48.06,1129.75
2017-09-12,55.06,48.21,1126.56
2017-09-13,55.52,49.3,1129.37
2017-09-14,56.76,49.86,1132.59
2017-09-15,56.18,49.9,1130.68
2017-09-18,55.5,49.88,1127.07
2017-09-19,56.58,49.54,1128.83
2017-09-20,57.2,50.29,1125.53
2017-09-21,57.73,50.58,1130.87
2017-09-22,58.16,50.33,1130.39
2017-09-25,59.42,51.85,1134.59
2017-09-26,59.77,51.59,1136.29
2017-09-27,58.74,52.14,1141.62
2017-09-28,58.8,51.62,1145.08
2017-09-29,57.02,51.67,1142.57
2017-10-02,55.67,50.59,1146.18
2017-10-03,56.12,50.44,1140.5
2017-10-04,56.0,50.0,1140.44
2017-10-05,57.09,50.79,1139.03
2017-10-06,55.5,49.34,1143.46
2017-10-10,56.62,50.93,1132.08
2017-10-11,56.13,51.3,1131.04
2017-10-12,56.13,50.61,1129.71
2017-10-13,56.86,51.43,1125.01
2017-10-16,57.49,51.86,1127.72
2017-10-17,57.63,51.87,1129.86
2017-10-18,58.05,52.05,1130.94
2017-10-19,57.82,51.29,1129.06
2017-10-20,57.89,51.63,1130.69
2017-10-23,57.69,51.91,1129.73
2017-10-24,57.84,52.32,1128.36
2017-10-25,58.45,51.97,1126.49
2017-10-26,58.75,52.41,1123.0
2017-10-27,60.15,53.92,1124.79
2017-10-30,60.65,54.11,1124.79
2017-10-31,61.35,54.36,1115.68
2017-11-01,60.98,54.32,1110.03
2017-11-02,60.79,54.55,1111.54
2017-11-03,61.42,55.63,1114.86
2017-11-06,64.27,57.34,1110.09
2017-11-07,64.36,57.19,1113.1
2017-11-08,63.96,56.82,1111.14
2017-11-09,64.49,57.16,1118.13
2017-11-13,62.94,56.77,1119.96
2017-11-14,60.91,55.67,1113.65
2017-11-15,61.25,55.28,1103.9
2017-11-16,61.18,55.14,1094.49
2017-11-17,61.34,56.21,1093.15
2017-11-20,61.34,56.21,1093.15
2017-11-21,62.28,56.84,1088.1
2017-11-22,62.92,57.88,1085.66
2017-11-24,63.58,58.94,1082.59
2017-11-27,63.25,58.1,1088.36
2017-11-28,63.56,57.96,1079.87
2017-11-29,63.74,57.25,1079.33
2017-11-30,63.53,57.4,1084.79
2017-12-01,64.57,58.35,1082.36
2017-12-04,63.45,57.48,1082.36
2017-12-05,63.45,57.66,1086.85
2017-12-06,62.25,55.79,1094.55
2017-12-07,62.37,56.5,1090.68
2017-12-08,63.86,57.15,1092.03
2017-12-11,65.62,57.84,1092.03
2017-12-12,64.96,57.12,1090.09
2017-12-13,63.66,56.59,1088.01
2017-12-14,63.72,57.0,1088.09
2017-12-15,63.81,57.29,1086.39
2017-12-18,64.45,57.17,1084.28
2017-12-19,63.69,57.49,1084.29
2017-12-20,64.43,58.09,1078.14
2017-12-21,64.64,58.34,1078.08
2017-12-22,64.61,58.25,1076.87
2017-12-27,66.03,59.67,1073.13
2017-12-28,66.8,59.84,1068.64
2017-12-29,66.73,60.46,1067.42
2018-01-02,66.65,60.37,1059.39
2018-01-03,67.85,61.61,1063.11
2018-01-04,68.73,61.98,1061.5
2018-01-05,68.01,61.49,1060.07
2018-01-08,68.48,61.73,1066.26
2018-01-09,69.08,62.92,1068.8
2018-01-10,69.79,63.6,1067.55
2018-01-11,70.36,63.81,1062.67
2018-01-12,69.64,64.22,1062.09
2018-01-16,69.4,63.82,1064.19
2018-01-17,69.19,63.92,1066.72
2018-01-18,69.48,63.96,1069.35
2018-01-19,68.56,63.38,1065.81
2018-01-22,69.32,63.66,1068.06
2018-01-23,69.81,64.45,1072.59
2018-01-24,69.91,65.69,1065.39
2018-01-25,71.08,65.62,1057.57
2018-01-26,70.08,66.27,1064.12
2018-01-29,68.41,65.71,1071.28
2018-01-30,67.78,64.64,1073.61
2018-01-31,67.78,64.82,1068.33
2018-02-01,68.6,65.92,1069.33
2018-02-02,67.45,65.5,1086.21
2018-02-05,67.69,64.18,1086.79
2018-02-06,66.75,63.48,1081.2
2018-02-07,65.74,61.91,1082.56
2018-02-08,64.26,61.3,1093.04
2018-02-09,63.04,59.2,1087.99
2018-02-12,62.2,59.41,1082.27
2018-02-13,61.94,59.33,1083.07
2018-02-14,62.29,60.7,1076.71
2018-02-15,62.86,61.48,1065.69
2018-02-16,64.3,61.89,1065.27
2018-02-20,64.68,61.91,1072.85
2018-02-21,64.81,61.73,1076.11
2018-02-22,66.12,62.72,1077.61
2018-02-23,67.04,63.52,1075.77
2018-02-26,67.96,63.81,1069.0
2018-02-27,67.59,62.94,1077.43
2018-02-28,66.08,61.43,1082.12
2018-03-01,64.23,60.98,1081.33
2018-03-02,64.26,61.19,1080.25
2018-03-05,65.78,62.49,1076.75
2018-03-06,65.67,62.54,1061.53
2018-03-07,65.09,61.09,1067.93
2018-03-08,63.87,60.13,1074.21
2018-03-09,65.19,62.02,1066.59
2018-03-12,64.53,61.35,1063.7
2018-03-13,64.2,60.69,1062.14
2018-03-14,63.61,60.89,1063.38
2018-03-15,63.67,61.16,1065.89
2018-03-16,64.68,62.29,1068.4
2018-03-19,64.82,62.01,1072.29
2018-03-20,66.0,63.37,1070.61
2018-03-21,68.15,65.1,1070.51
2018-03-22,68.98,64.25,1079.51
2018-03-23,69.03,65.8,1081.29
2018-03-26,68.81,65.49,1076.87
2018-03-27,68.63,65.21,1071.21
2018-03-28,68.13,64.3,1063.03
2018-03-29,69.02,64.87,1060.31
2018-04-03,69.02,63.41,1054.63
2018-04-04,66.04,63.35,1059.5
2018-04-05,66.54,63.53,1061.56
2018-04-06,66.51,62.03,1068.73
2018-04-09,68.19,63.4,1067.11
2018-04-10,70.67,65.48,1064.53
2018-04-11,72.74,66.81,1066.76
2018-04-12,71.44,67.07,1069.84
2018-04-13,73.18,67.35,1070.55
2018-04-16,72.05,66.23,1071.59
2018-04-17,71.71,66.5,1066.56
2018-04-18,73.73,68.44,1064.51
2018-04-19,74.85,68.3,1065.68
2018-04-20,74.62,68.26,1071.0
2018-04-23,74.54,67.61,1077.72
2018-04-24,75.86,67.66,1074.8
2018-04-25,73.79,68.0,1082.99
2018-04-26,75.39,68.18,1078.2
2018-04-27,75.33,68.11,1067.59
2018-04-30,75.92,68.56,1069.07
2018-05-01,74.85,67.28,1071.91
2018-05-02,73.14,67.91,1076.52
2018-05-03,73.45,68.45,1078.33
2018-05-04,74.75,69.71,1074.09
2018-05-08,74.16,68.83,1078.35
2018-05-09,77.6,71.16,1078.22
2018-05-10,77.59,71.36,1065.41
2018-05-11,77.37,70.69,1067.14
2018-05-14,78.17,71.01,1068.83
2018-05-15,78.94,71.34,1076.46
2018-05-16,78.19,71.43,1076.66
2018-05-17,80.09,71.47,1082.37
2018-05-18,78.38,71.23,1080.91
2018-05-21,78.34,72.26,1079.33
2018-05-22,80.42,72.09,1073.3
2018-05-23,78.69,71.85,1078.88
2018-05-24,78.9,70.77,1082.77
2018-05-25,76.6,67.92,1076.35
2018-05-29,74.51,66.8,1082.59
2018-05-30,75.89,68.24,1077.62
2018-05-31,76.45,66.98,1080.75
2018-06-01,74.54,65.81,1071.27
2018-06-04,73.41,64.76,1070.13
2018-06-05,72.91,65.51,1071.86
2018-06-06,73.23,64.75,1065.9
2018-06-07,75.23,65.96,1071.11
2018-06-08,75.11,65.77,1075.0
2018-06-11,74.58,66.1,1075.08
2018-06-12,74.86,66.38,1077.14
2018-06-13,75.07,66.63,1082.59
2018-06-14,74.77,66.91,1084.06
2018-06-15,72.02,65.01,1101.89
2018-06-18,74.87,65.91,1105.07
2018-06-19,74.92,65.09,1110.64
2018-06-20,74.25,65.92,1107.42
2018-06-21,72.87,65.68,1110.01
2018-06-22,73.67,69.02,1114.49
2018-06-25,72.82,69.91,1114.4
2018-06-26,73.58,75.23,1118.08
2018-06-27,76.09,77.41,1121.57
2018-06-28,76.26,73.45,1121.96
2018-06-29,77.44,74.13,1111.79
2018-07-02,76.71,73.89,1119.31
2018-07-03,75.87,74.19,1114.41
2018-07-05,77.09,73.05,1118.2
2018-07-06,74.98,73.78,1114.98
2018-07-09,77.08,73.93,1111.38
2018-07-10,77.8,74.11,1113.81
2018-07-11,75.35,70.47,1122.1
2018-07-12,72.11,70.28,1121.38
2018-07-13,74.11,71.03,1130.3
2018-07-16,71.03,68.22,1127.81
2018-07-17,70.87,68.03,1125.63
2018-07-18,70.52,68.78,1130.76
2018-07-19,71.94,69.42,1136.38
2018-07-20,71.99,70.31,1128.16
2018-07-23,73.45,67.9,1134.45
2018-07-24,73.53,70.77,1127.39
2018-07-25,73.67,71.13,1122.59
2018-07-26,74.51,71.59,1121.72
2018-07-27,74.84,68.66,1115.77
2018-07-30,74.99,71.19,1116.98
2018-07-31,74.16,69.88,1112.75
2018-08-01,72.28,68.8,1118.15
2018-08-02,72.95,68.95,1126.91
2018-08-03,72.48,68.49,1122.68
2018-08-06,72.51,69.01,1125.9
2018-08-07,72.31,69.17,1118.0
2018-08-08,70.71,66.92,1119.01
2018-08-09,70.55,66.81,1119.0
2018-08-10,71.0,67.61,1130.19
2018-08-13,70.62,67.25,1133.19
2018-08-14,70.77,67.04,1128.9
2018-08-15,68.38,65.07,1135.3
2018-08-16,69.21,65.44,1125.35
2018-08-17,70.14,65.93,1123.2
2018-08-20,71.11,66.5,1121.3
2018-08-21,71.65,67.32,1117.41
2018-08-22,72.96,67.85,1117.0
2018-08-23,73.73,69.13,1123.37
2018-08-24,74.41,69.71,1113.3
2018-08-27,74.41,69.97,1107.69
2018-08-28,75.91,68.54,1105.14
2018-08-29,76.07,69.68,1109.2
2018-08-30,77.05,70.25,1113.13
2018-08-31,76.94,69.84,1116.5
2018-09-04,77.51,69.82,1117.5
2018-09-05,76.68,68.69,1121.0
2018-09-06,75.67,67.81,1122.4
2018-09-07,75.55,67.73,1123.5
2018-09-10,76.77,67.55,1127.9
2018-09-11,78.22,69.29,1126.17
2018-09-12,80.02,70.37,1121.62
2018-09-13,77.66,68.6,1120.9
2018-09-14,77.87,68.98,1119.0
2018-09-17,78.22,68.86,1124.71
2018-09-18,79.25,69.87,1122.18
2018-09-19,79.43,71.08,1120.61
2018-09-20,79.03,70.77,1119.58
2018-09-21,78.9,70.8,1114.3
2018-09-24,80.89,73.23,1119.28
2018-09-25,82.21,73.4,1118.12
2018-09-26,81.87,72.22,1114.64
2018-09-27,81.54,72.18,1113.41
2018-09-28,82.72,73.16,1109.76
2018-10-01,84.94,75.37,1112.53
2018-10-02,85.63,75.16,1112.43
2018-10-03,85.45,76.4,1121.42
2018-10-04,86.07,74.44,1130.78
2018-10-05,85.12,74.26,1131.25
2018-10-09,85.16,74.95,1132.87
2018-10-10,83.82,73.18,1138.9
2018-10-11,81.35,70.97,1134.16
2018-10-12,80.71,71.41,1130.82
2018-10-15,80.91,71.84,1129.3
2018-10-16,80.53,71.93,1123.88
2018-10-17,79.91,69.63,1126.2
2018-10-18,80.3,68.63,1138.06
2018-10-19,80.38,69.16,1131.13
2018-10-22,80.45,69.25,1132.7
2018-10-23,78.67,66.49,1137.53
2018-10-24,77.34,66.56,1136.66
2018-10-25,77.3,67.25,1134.9
2018-10-26,77.4,67.58,1141.74
2018-10-29,77.56,67.0,1139.81
2018-10-30,75.68,66.18,1137.68
2018-10-31,74.84,65.31,1140.78
2018-11-01,71.25,63.67,1126.19
2018-11-02,71.11,63.12,1117.72
2018-11-05,72.68,63.12,1122.13
2018-11-06,70.64,62.16,1121.31
2018-11-07,70.1,61.69,1117.52
2018-11-08,69.29,60.71,1118.99
2018-11-09,69.01,60.19,1131.4
2018-11-13,65.45,55.63,1132.29
2018-11-14,64.88,56.16,1132.1
2018-11-15,65.61,56.45,1127.2
2018-11-16,65.29,56.49,1124.81
2018-11-19,64.14,57.16,1126.08
2018-11-20,61.5,53.39,1128.53
2018-11-21,61.65,54.41,1127.3
2018-11-23,57.69,,1130.9
2018-11-26,59.7,51.46,1126.69
2018-11-27,59.58,51.31,1129.41
2018-11-28,57.97,50.06,1127.81
2018-11-29,58.29,51.46,1119.91
2018-11-30,57.71,50.78,1118.61
2018-12-03,60.17,52.98,1110.2
2018-12-04,61.22,53.21,1108.82
2018-12-06,57.83,51.54,1122.07
2018-12-07,61.71,52.76,1121.8
2018-12-10,60.29,51.07,1128.3
2018-12-11,59.73,51.65,1128.6
2018-12-12,59.94,51.04,1124.51
2018-12-13,59.03,52.69,1124.73
2018-12-14,58.56,51.26,1133.2
2018-12-17,57.59,49.8,1130.17
2018-12-18,55.26,46.12,1127.76
2018-12-19,55.6,47.96,1120.96
2018-12-20,52.84,45.64,1123.87
2018-12-21,51.93,45.38,1125.3
2018-12-27,51.49,44.48,1121.37
2018-12-28,50.57,45.15,1114.9
2019-01-02,54.06,46.31,1119.11
2019-01-03,53.23,46.92,1124.64
2019-01-04,55.64,47.76,1116.73
2019-01-07,57.1,48.27,1117.5
2019-01-08,56.91,49.58,1122.93
2019-01-09,59.46,52.19,1117.7
2019-01-10,60.47,52.42,1116.1
2019-01-11,59.24,51.44,1117.18
2019-01-15,58.65,51.8,1122.59
2019-01-16,59.81,52.08,1119.1
2019-01-17,59.85,51.83,1123.34
2019-01-18,62.04,53.6,1122.8
2019-01-22,60.9,52.59,1129.52
2019-01-23,61.05,52.44,1127.89
2019-01-24,61.09,52.94,1126.33
2019-01-25,61.49,53.53,1117.58
2019-01-28,59.71,51.79,1118.7
2019-01-29,60.98,53.07,1117.75
2019-01-30,61.89,54.18,1117.29
2019-01-31,62.46,53.84,1111.82
2019-02-01,61.86,55.29,1118.31
2019-02-04,62.26,54.57,1119.15
2019-02-05,61.67,53.69,1117.2
2019-02-06,62.22,53.94,1119.35
2019-02-07,61.01,52.68,1124.11
2019-02-08,61.37,52.75,1123.14
2019-02-11,61.3,52.43,1126.05
2019-02-12,62.58,53.14,1122.27
2019-02-13,63.27,53.84,1123.32
2019-02-14,64.0,54.4,1128.0
2019-02-15,65.65,55.58,1125.59
2019-02-19,65.86,56.12,1124.54
2019-02-21,66.91,56.95,1125.53
2019-02-22,66.91,57.01,1121.07
2019-02-25,64.02,55.32,1116.1
2019-02-26,64.51,55.4,1116.88
2019-02-27,65.55,56.92,1117.74
2019-02-28,65.03,57.21,1124.65
2019-03-01,63.71,55.76,1126.76
2019-03-04,64.44,56.6,1126.73
2019-03-05,64.24,56.55,1126.46
2019-03-06,64.51,56.22,1127.18
2019-03-07,64.82,56.6,1133.18
2019-03-08,65.66,55.77,1131.74
2019-03-11,65.06,56.79,1133.05
2019-03-12,65.33,56.89,1127.89
2019-03-13,65.89,58.27,1130.47
2019-03-14,66.18,58.59,1135.05
2019-03-15,66.11,58.51,1134.44
2019-03-18,66.65,59.09,1131.74
2019-03-19,67.13,59.12,1129.0
2019-03-20,68.35,60.12,1128.25
2019-03-21,68.3,59.98,1128.4
2019-03-22,66.29,58.87,1136.8
2019-03-25,67.37,58.71,1131.88
2019-03-26,67.51,59.87,1133.55
2019-03-27,67.35,59.39,1138.09
2019-03-28,66.08,59.29,1136.65
2019-03-29,67.93,60.19,1136.3
2019-04-01,69.08,61.59,1133.0
2019-04-02,69.68,62.53,1137.16
2019-04-03,69.21,62.46,1134.29
2019-04-04,69.8,62.12,1136.05
2019-04-05,69.93,63.1,1136.87
2019-04-08,71.12,64.37,1143.25
2019-04-09,71.02,64.05,1140.25
2019-04-10,71.63,64.62,1137.26
2019-04-11,71.3,63.61,1140.73
2019-04-12,71.57,63.86,1133.0
2019-04-15,70.9,63.43,1133.6
2019-04-16,70.74,64.01,1136.13
2019-04-17,71.14,63.74,1131.7
2019-04-18,70.71,64.02,1136.2
2019-04-22,70.71,65.66,1140.52
2019-04-23,74.39,66.24,1143.22
2019-04-24,73.59,65.96,1155.65
2019-04-25,74.94,65.23,1160.15
2019-04-26,71.03,63.29,1158.1
2019-04-29,71.22,63.39,1160.0
2019-04-30,72.19,63.83,1165.1
2019-05-01,72.01,63.55,1161.61
2019-05-02,70.56,61.75,1166.62
2019-05-03,71.95,61.98,1165.95
2019-05-06,71.95,62.3,1169.2
2019-05-07,70.98,61.41,1172.5
2019-05-08,71.09,62.13,1170.2
2019-05-09,70.61,61.58,1183.1
2019-05-10,71.63,61.65,1176.62
2019-05-13,72.35,60.97,1186.94
2019-05-14,72.53,61.82,1186.94
2019-05-15,73.09,62.03,1188.74
2019-05-16,74.7,62.93,1190.52
2019-05-17,73.94,62.77,1195.07
2019-05-20,73.21,63.12,1193.81
2019-05-21,72.94,63.02,1194.31
2019-05-22,71.94,61.42,1194.36
2019-05-23,68.37,57.65,1189.31
2019-05-24,67.98,58.4,1186.2
2019-05-28,70.19,58.91,1186.66
2019-05-29,70.64,58.84,1186.66
2019-05-30,69.55,56.47,1189.14
2019-05-31,66.78,53.49,1190.5
2019-06-03,63.16,53.25,1180.97
2019-06-04,63.56,53.5,1180.58
2019-06-05,62.14,51.57,1178.24
2019-06-06,62.77,52.59,1179.51
2019-06-07,64.1,53.95,1181.27
2019-06-10,64.31,53.33,1185.01
2019-06-11,63.56,53.3,1178.88
2019-06-12,61.66,51.13,1182.82
2019-06-13,63.28,52.38,1183.23
2019-06-14,63.13,52.47,1184.7
2019-06-17,62.56,51.94,1186.53
2019-06-18,63.35,53.86,1185.37
2019-06-19,62.85,53.74,1185.37
2019-06-20,65.44,56.88,1159.05
2019-06-21,65.99,57.35,1163.25
2019-06-24,65.16,57.73,1156.14
2019-06-25,66.24,57.63,1155.97
2019-06-26,66.85,59.17,1156.36
2019-06-27,66.78,59.18,1157.86
2019-06-28,67.52,58.2,1154.58
2019-07-01,65.1,58.91,1158.5
2019-07-02,62.72,56.0,1166.31
2019-07-03,63.53,57.06,1171.14
2019-07-05,64.23,,1170.26
2019-07-08,64.89,57.35,1181.31
2019-07-09,64.3,57.57,1180.2
2019-07-10,66.41,60.28,1181.58
2019-07-11,67.64,59.93,1173.35
2019-07-12,66.65,59.99,1178.71
2019-07-15,66.86,59.3,1179.04
2019-07-16,65.87,57.44,1177.31
2019-07-17,63.67,56.5,1181.09
2019-07-18,60.7,55.08,1178.29
2019-07-19,61.04,55.42,1173.92
2019-07-22,61.96,55.87,1178.17
2019-07-23,62.28,56.58,1178.72
2019-07-24,63.83,55.9,1177.54
2019-07-25,63.47,55.88,1181.17
2019-07-26,62.46,56.04,1184.51
2019-07-29,62.29,56.85,1183.36
2019-07-30,62.55,58.04,1181.94
2019-07-31,64.07,58.53,1182.74
2019-08-01,62.9,53.64,1187.0
2019-08-02,61.12,55.67,1196.59
2019-08-05,59.32,54.63,1215.5
2019-08-06,58.63,53.6,1214.83
2019-08-07,55.03,51.14,1214.46
2019-08-08,56.29,52.6,1208.77
2019-08-09,57.37,54.41,1214.15
2019-08-12,57.13,54.98,1215.7
2019-08-13,59.9,57.05,1220.7
2019-08-14,57.86,55.16,1212.44
2019-08-15,57.37,54.51,1214.34
2019-08-16,59.0,54.83,1205.75
2019-08-19,59.79,56.24,1210.6
2019-08-20,59.03,56.18,1207.93
2019-08-21,60.6,55.65,1202.0
2019-08-22,59.81,55.33,1206.96
2019-08-23,58.64,54.08,1210.5
2019-08-26,58.64,53.54,1217.51
2019-08-27,58.44,54.99,1211.38
2019-08-28,60.42,55.76,1213.75
2019-08-29,60.59,56.67,1216.14
2019-08-30,61.04,55.07,1211.32
2019-09-03,57.93,53.91,1212.44
2019-09-04,60.68,56.22,1207.84
2019-09-05,62.7,56.33,1200.18
2019-09-06,61.28,56.45,1196.81
2019-09-09,63.99,57.88,1192.33
2019-09-10,64.67,57.37,1191.22
2019-09-11,63.02,55.66,1191.51
2019-09-12,60.76,55.13,1180.7
2019-09-13,61.25,54.76,1176.62
2019-09-16,68.42,63.1,1182.96
2019-09-17,65.59,59.26,1186.1
2019-09-18,64.29,58.19,1191.51
2019-09-19,64.25,58.19,1193.87
2019-09-20,65.23,57.92,1188.16
2019-09-23,64.66,58.69,1195.48
2019-09-24,64.13,57.22,1196.52
2019-09-25,62.41,56.38,1200.17
2019-09-26,62.08,56.24,1201.99
2019-09-27,62.48,55.95,1200.03
2019-09-30,60.99,54.09,1195.85
2019-10-01,60.06,53.6,1198.96
2019-10-02,57.92,52.67,1205.47
2019-10-03,58.01,52.41,1204.67
2019-10-04,59.13,52.84,1192.93
2019-10-07,59.46,52.76,1196.49
2019-10-08,58.14,52.64,1193.24
2019-10-09,59.7,52.63,1197.29
2019-10-10,59.08,53.57,1190.06
2019-10-11,60.59,54.76,1195.61
2019-10-15,59.19,52.81,1184.67
2019-10-16,59.3,53.42,1186.38
2019-10-17,59.35,53.89,1179.05
2019-10-18,59.96,53.75,1181.06
2019-10-21,58.95,53.28,1172.57
2019-10-22,60.5,54.21,1170.49
2019-10-23,60.52,55.9,1172.07
2019-10-24,61.71,56.11,1173.19
2019-10-25,62.06,56.52,1171.58
2019-10-28,60.39,55.6,1170.17
2019-10-29,61.05,55.34,1163.03
2019-10-30,60.22,54.85,1167.76
2019-10-31,59.3,54.02,1169.1
2019-11-01,60.17,56.04,1165.45
2019-11-04,62.52,56.33,1159.29
2019-11-05,62.72,57.04,1157.64
2019-11-06,62.11,56.15,1156.73
2019-11-07,62.6,56.91,1154.44
2019-11-08,62.0,57.02,1157.14
2019-11-12,62.19,56.67,1160.8
2019-11-13,62.27,56.88,1167.76
2019-11-14,62.46,56.57,1169.82
2019-11-15,63.32,57.54,1166.98
2019-11-18,62.82,56.82,1163.76
2019-11-19,62.37,54.93,1167.13
2019-11-20,63.8,56.71,1169.8
2019-11-21,64.99,58.36,1175.71
2019-11-22,64.83,57.68,1179.33
2019-11-25,64.67,57.79,1173.09
2019-11-26,64.82,58.25,1175.59
2019-11-27,65.03,58.12,1176.89
2019-11-29,64.5,58.12,1181.33
2019-12-02,63.2,55.97,1182.84
2019-12-03,62.95,56.15,1190.31
2019-12-04,65.25,58.46,1194.45
2019-12-05,65.67,58.42,1189.23
2019-12-06,66.5,59.2,1189.86
2019-12-09,66.44,58.99,1189.45
2019-12-10,66.57,59.22,1191.01
2019-12-11,65.37,58.74,1192.2
2019-12-12,66.67,59.18,1186.41
2019-12-13,67.44,60.11,1171.97
2019-12-16,68.04,60.21,1171.8
2019-12-17,68.99,60.88,1165.81
2019-12-18,69.12,60.93,1168.02
2019-12-19,69.7,61.3,1165.04
2019-12-20,68.66,60.43,1160.3
2019-12-23,67.49,60.51,1163.64
2019-12-24,69.26,61.17,1163.21
2019-12-26,69.26,61.72,1161.18
2019-12-27,68.91,61.76,1160.87
2019-12-30,68.3,61.66,1155.75
2019-12-31,67.77,61.14,1155.46
2020-01-02,67.05,61.17,1157.95
2020-01-03,69.08,63.0,1165.15
2020-01-06,70.25,63.27,1167.49
2020-01-07,68.74,62.7,1166.21
2020-01-08,67.31,59.65,1170.61
2020-01-09,66.58,59.56,1158.63
2020-01-10,66.77,59.02,1161.18
2020-01-13,64.14,58.17,1156.25
2020-01-14,64.45,58.34,1156.28
2020-01-15,63.29,57.86,1156.84
2020-01-16,64.63,58.52,1160.86
2020-01-17,64.05,58.55,1159.08
2020-01-21,63.66,58.25,1166.56
2020-01-22,62.11,56.76,1165.68
2020-01-23,61.26,55.51,1168.38
2020-01-24,59.34,54.09,1166.91
2020-01-27,58.54,53.09,1176.2
2020-01-28,59.37,53.33,1176.23
2020-01-29,59.46,53.29,1176.98
2020-01-30,57.72,52.19,1191.94
2020-01-31,57.77,51.58,1191.3
2020-02-03,54.0,50.06,1194.8
2020-02-04,53.9,49.59,1184.51
2020-02-05,55.36,50.87,1187.25
2020-02-06,55.18,50.94,1179.64
2020-02-07,54.53,50.34,1186.24
2020-02-10,53.39,49.59,1186.96
2020-02-11,54.0,50.0,1181.32
2020-02-12,55.54,51.13,1178.98
2020-02-13,56.34,51.41,1182.02
2020-02-14,57.37,52.03,1183.2
2020-02-18,57.35,52.1,1190.6
2020-02-19,59.72,53.31,1191.1
2020-02-20,59.57,53.77,1198.34
2020-02-21,58.6,53.36,1207.91
2020-02-24,56.71,51.36,1218.5
2020-02-25,55.29,49.78,1214.45
2020-02-26,54.96,48.67,1213.61
2020-02-27,52.19,47.17,1217.03
2020-02-28,51.31,44.83,1214.92
2020-03-02,52.52,46.78,1190.89
2020-03-03,52.24,47.27,1194.66
2020-03-04,51.86,46.78,1187.54
2020-03-05,51.29,45.9,1181.11
2020-03-06,45.6,41.14,1192.0
2020-03-09,35.33,31.05,1203.75
2020-03-10,35.57,34.47,1193.1
2020-03-11,34.45,33.13,1194.16
2020-03-12,31.02,31.56,1206.19
2020-03-13,32.25,31.72,1211.7
2020-03-16,27.98,28.96,1225.33
2020-03-17,27.97,26.96,1240.98
2020-03-18,22.79,20.48,1245.19
2020-03-19,23.98,25.09,1250.86
2020-03-20,25.55,19.48,1250.55
2020-03-23,23.75,23.33,1267.25
2020-03-24,24.5,21.03,1249.88
2020-03-25,25.62,20.75,1228.15
2020-03-26,23.55,16.6,1233.47
2020-03-27,22.39,15.48,1210.49
2020-03-30,19.19,14.1,1224.11
2020-03-31,14.85,20.51,1218.92
2020-04-01,14.97,20.28,1229.65
2020-04-02,20.24,25.18,1229.89
2020-04-03,24.33,28.36,1230.56
2020-04-06,22.58,26.21,1224.6
2020-04-07,22.1,23.54,1220.43
2020-04-08,25.22,24.97,1220.77
2020-04-09,20.23,22.9,1219.71
2020-04-14,21.74,20.15,1216.85
2020-04-15,19.8,19.96,1224.55
2020-04-16,18.69,19.82,1228.21
2020-04-17,19.75,18.31,1217.81
2020-04-20,17.36,,1217.29
2020-04-21,9.12,8.91,1229.28
2020-04-22,13.77,13.64,1234.79
2020-04-23,15.06,15.06,1229.04
2020-04-24,15.87,15.99,1233.88
2020-04-27,15.17,12.17,1224.16
2020-04-28,15.6,12.4,1224.83
2020-04-29,17.86,15.04,1219.2
2020-04-30,18.11,19.23,1203.95
2020-05-01,18.49,19.72,1223.2
2020-05-04,20.4,20.47,1228.81
2020-05-05,25.46,24.56,1220.13
2020-05-06,24.2,23.88,1222.03
2020-05-07,24.23,23.68,1224.76
2020-05-11,25.53,24.02,1220.2
2020-05-12,26.67,25.76,1222.0
2020-05-13,27.89,25.37,1223.86
2020-05-14,29.87,27.4,1227.76
2020-05-15,30.95,29.44,1230.71
2020-05-18,33.3,31.83,1232.32
2020-05-19,33.06,32.3,1225.19
2020-05-20,34.76,33.56,1230.02
2020-05-21,34.78,34.3,1230.53
2020-05-22,33.8,33.49,1236.53
2020-05-26,33.95,34.7,1234.24
2020-05-27,32.73,32.8,1238.03
2020-05-28,33.98,33.67,1239.28
2020-05-29,34.15,35.57,1236.61
2020-06-01,36.74,35.49,1224.79
2020-06-02,37.72,36.88,1225.07
2020-06-03,37.98,37.33,1216.08
2020-06-04,38.41,37.42,1218.77
2020-06-05,41.0,39.49,1202.79
2020-06-08,39.66,38.17,1197.84
2020-06-09,40.45,38.98,1197.04
2020-06-10,41.18,39.54,1189.9
2020-06-11,37.76,36.43,1196.34
2020-06-12,38.54,36.24,1204.52
2020-06-15,39.44,37.07,1212.21
2020-06-16,40.75,38.26,1207.26
2020-06-17,40.47,37.91,1215.02
2020-06-18,41.75,38.79,1211.65
2020-06-19,42.33,39.72,1208.38
2020-06-22,43.2,40.6,1210.73
2020-06-23,42.72,40.4,1206.43
2020-06-24,40.4,37.91,1199.55
2020-06-25,41.18,38.66,1203.59
2020-06-26,40.97,38.53,1203.44
2020-06-29,41.58,39.67,1200.91
2020-06-30,41.64,39.27,1200.5
2020-07-01,42.18,39.88,1201.84
2020-07-02,43.19,40.57,1199.84
2020-07-06,42.73,40.51,1192.66
2020-07-07,43.28,40.59,1194.43
2020-07-08,43.67,40.91,1194.63
2020-07-09,42.35,39.64,1197.84
2020-07-10,43.27,40.56,1204.34
2020-07-13,42.85,40.06,1200.13
2020-07-14,42.97,40.3,1205.24
2020-07-15,43.96,41.2,1201.97
2020-07-16,43.71,40.74,1202.97
2020-07-17,43.53,40.55,1203.86
2020-07-20,43.3,40.83,1202.26
2020-07-21,44.31,41.76,1194.64
2020-07-22,43.98,41.88,1194.83
2020-07-23,42.96,40.99,1198.91
2020-07-24,43.29,41.23,1203.17
2020-07-27,43.39,41.46,1195.94
2020-07-28,43.11,40.89,1198.15
2020-07-29,43.51,41.13,1192.98
2020-07-30,42.98,39.85,1196.3
2020-07-31,43.13,40.1,1192.68
2020-08-03,43.76,40.83,1194.31
2020-08-04,43.99,41.67,1194.53
2020-08-05,44.92,42.25,1188.93
2020-08-06,45.04,41.93,1185.29
2020-08-07,44.07,41.16,1189.25
2020-08-10,44.19,41.94,1186.28
2020-08-11,43.68,41.53,1184.84
2020-08-12,45.09,42.6,1184.09
2020-08-13,44.87,42.26,1183.25
2020-08-14,44.86,42.05,1186.53
2020-08-17,44.91,42.89,1184.17
2020-08-18,45.34,42.89,1184.74
2020-08-19,45.21,42.91,1181.06
2020-08-20,44.56,42.62,1187.66
2020-08-21,43.94,42.32,1191.84
2020-08-24,44.43,42.44,1189.11
2020-08-25,46.01,43.17,1188.18
2020-08-26,45.79,43.21,1185.6
2020-08-27,44.84,42.88,1185.22
2020-08-28,45.22,42.96,1181.62
2020-09-01,45.72,42.76,1182.94
2020-09-02,42.7,42.76,1189.98
2020-09-03,42.72,41.39,1188.04
2020-09-04,41.1,39.69,1190.6
2020-09-08,38.53,36.87,1188.69
2020-09-09,39.98,38.05,1185.12
2020-09-10,39.27,37.25,1184.41
2020-09-11,38.8,37.33,1186.55
2020-09-14,38.57,37.23,1181.27
2020-09-15,39.54,38.29,1179.99
2020-09-16,41.23,40.17,1176.0
2020-09-17,42.35,40.99,1174.25
2020-09-18,42.16,41.09,1163.2
2020-09-21,40.37,39.26,1166.75
2020-09-22,40.84,39.55,1164.83
2020-09-23,41.09,39.92,1164.56
2020-09-24,41.24,40.11,1170.49
2020-09-25,40.91,40.06,1172.71
2020-09-28,41.59,40.47,1168.08
2020-09-29,40.33,39.03,1169.67
2020-09-30,40.3,40.05,1165.97
2020-10-01,39.75,38.51,1163.05
2020-10-02,38.0,36.9,1166.08
2020-10-05,39.78,39.12,1157.77
2020-10-06,41.27,40.52,1162.0
2020-10-07,40.62,39.82,1158.41
2020-10-08,42.0,41.04,1152.44
2020-10-09,41.63,40.44,1143.46
2020-10-13,41.34,40.03,1147.4
2020-10-14,41.81,40.86,1146.58
2020-10-15,41.61,40.84,1143.03
2020-10-16,41.34,40.7,1146.82
2020-10-19,41.29,40.69,1141.76
2020-10-20,41.62,41.37,1138.65
2020-10-21,40.09,39.88,1132.11
2020-10-22,41.28,40.46,1135.26
2020-10-23,40.71,39.73,1129.77
2020-10-26,39.06,38.39,1127.77
2020-10-27,39.72,39.34,1127.9
2020-10-28,37.86,37.27,1133.76
2020-10-29,36.56,35.94,1131.12
2020-10-30,36.33,35.64,1133.99
2020-11-02,37.78,36.6,1134.62
2020-11-03,38.17,37.44,1134.3
2020-11-04,39.68,38.97,1137.37
2020-11-05,39.47,38.56,1122.96
2020-11-06,38.08,36.97,1121.0
2020-11-09,40.93,40.05,1113.14
2020-11-10,42.25,41.18,1117.63
2020-11-12,42.16,40.9,1112.95
2020-11-13,41.51,39.93,1109.47
2020-11-16,42.71,41.14,1106.88
2020-11-17,42.54,41.24,1105.33
2020-11-18,42.91,41.64,1105.72
2020-11-19,43.09,41.57,1114.93
2020-11-20,43.79,41.99,1114.48
2020-11-23,45.0,42.91,1115.42
2020-11-24,46.63,44.71,1110.93
2020-11-25,47.3,45.58,1106.84
2020-11-30,46.84,45.2,1105.79
2020-12-01,47.03,44.54,1107.33
2020-12-02,47.8,45.23,1100.15
2020-12-03,48.37,45.65,1096.28
2020-12-04,49.1,46.23,1081.85
2020-12-07,48.63,45.72,1082.22
2020-12-08,48.84,45.64,1085.4
2020-12-09,48.81,45.48,1083.78
2020-12-10,50.33,46.76,1086.83
2020-12-11,50.01,46.59,1091.23
2020-12-14,50.27,47.02,1093.19
2020-12-15,50.77,47.58,1092.22
2020-12-16,50.83,47.86,1093.71
2020-12-17,51.2,48.34,1092.96
2020-12-18,52.17,49.04,1099.37
2020-12-21,50.61,47.79,1107.03
2020-12-22,49.88,47.02,1107.12
2020-12-23,51.05,47.94,1106.92
2020-12-28,50.88,47.5,1096.67
2020-12-29,50.44,47.85,1092.55
2020-12-30,50.74,48.24,1086.62
2020-12-31,51.22,48.35,1086.11
2021-01-04,50.37,47.47,1081.62
2021-01-05,53.16,49.78,1087.42
2021-01-06,53.8,50.45,1085.71
2021-01-07,53.7,50.63,1086.78
2021-01-08,55.51,52.14,1089.48
2021-01-11,54.84,52.15,1097.39
2021-01-12,55.98,53.08,1099.57
2021-01-13,55.52,52.81,1098.31
2021-01-14,55.76,53.47,1098.37
2021-01-15,54.8,52.25,1099.39
2021-01-19,55.38,52.87,1102.14
2021-01-21,55.68,53.0,1097.91
2021-01-22,55.22,52.28,1105.5
2021-01-25,55.44,52.78,1101.02
2021-01-26,55.26,52.61,1103.26
2021-01-27,55.07,52.81,1104.09
2021-01-28,54.87,52.26,1111.95
2021-01-29,55.25,52.16,1118.35
2021-02-01,56.42,53.55,1116.48
2021-02-02,57.62,54.77,1115.88
2021-02-03,58.61,55.67,1114.47
2021-02-04,58.98,56.19,1120.02
2021-02-05,59.48,56.8,1123.7
2021-02-08,60.17,57.95,1119.22
2021-02-09,60.74,58.34,1116.42
2021-02-10,61.17,58.69,1106.9
2021-02-11,61.09,58.22,1102.7
2021-02-12,62.47,59.5,1102.16
2021-02-16,63.96,60.07,1099.61
2021-02-17,65.02,61.09,1107.44
2021-02-18,64.09,60.4,1108.56
2021-02-19,62.84,59.12,1105.81
2021-02-22,64.73,61.67,1111.56
2021-02-23,65.16,61.66,1110.25
2021-02-24,66.85,63.21,1112.19
2021-02-25,66.69,63.43,1107.73
2021-02-26,65.86,61.55,1123.36
2021-03-01,64.56,60.54,1118.59
2021-03-02,63.17,59.7,1125.61
2021-03-03,64.7,61.33,1123.96
2021-03-04,67.32,63.81,1124.45
2021-03-05,69.95,66.08,1124.85
2021-03-08,68.0,65.03,1132.64
2021-03-09,67.03,64.02,1140.63
2021-03-10,67.53,64.45,1139.85
2021-03-11,69.34,66.02,1135.19
2021-03-12,68.87,65.59,1133.09
2021-03-15,68.78,65.36,1136.37
2021-03-16,67.95,64.82,1129.69
2021-03-17,67.73,64.55,1130.24
2021-03-18,62.11,59.95,1123.51
2021-03-19,64.0,61.43,1130.38
2021-03-22,63.89,61.48,1128.19
2021-03-23,59.96,57.75,1128.96
2021-03-24,63.7,61.12,1133.35
2021-03-25,61.21,58.47,1133.31
2021-03-26,63.77,60.93,1129.26
2021-03-29,64.06,61.49,1133.57
2021-03-30,63.28,60.55,1133.44
2021-03-31,63.52,59.19,1126.72
2021-04-01,63.85,61.41,1131.63
2021-04-06,61.47,59.34,1117.12
2021-04-07,61.86,59.77,1116.21
2021-04-08,62.09,59.61,1116.96
2021-04-09,61.89,59.29,1120.84
2021-04-12,62.38,59.7,1124.6
2021-04-13,62.83,60.2,1125.63
2021-04-14,66.11,63.15,1116.43
2021-04-15,66.13,63.42,1115.04
2021-04-16,65.98,63.16,1114.93
2021-04-19,66.54,63.33,1115.03
2021-04-20,65.34,62.61,1116.68
2021-04-21,64.02,61.34,1117.8
2021-04-22,65.07,61.45,1117.3
2021-04-23,65.75,62.18,1115.1
2021-04-26,65.5,62.02,1110.88
2021-04-27,66.25,63.03,1109.6
2021-04-28,67.08,63.81,1112.28
2021-04-29,68.26,65.0,1108.54
2021-04-30,67.73,63.5,1115.58
2021-05-04,68.91,65.72,1122.05
2021-05-05,69.71,65.63,1125.82
2021-05-06,68.62,64.73,1121.94
2021-05-07,68.73,64.96,1121.06
2021-05-10,68.61,64.92,1112.28
2021-05-11,68.83,65.31,1119.38
2021-05-12,69.62,65.96,1124.33
2021-05-13,67.36,63.82,1130.35
2021-05-14,69.24,65.32,1126.76
2021-05-17,69.62,66.24,1136.03
2021-05-18,69.01,65.49,1129.67
2021-05-19,66.88,63.28,1128.18
2021-05-20,65.18,61.95,1127.74
2021-05-21,66.72,63.61,1126.59
2021-05-24,68.59,66.13,1125.28
2021-05-25,68.8,66.27,1123.21
2021-05-26,68.93,66.41,1117.63
2021-05-27,69.43,66.87,1117.47
2021-05-28,69.36,66.31,1114.48
2021-06-01,70.03,67.8,1106.43
2021-06-02,70.6,68.79,1110.37
2021-06-03,70.71,68.81,1117.63
2021-06-04,71.3,69.57,1112.03
2021-06-07,70.89,69.21,1111.01
2021-06-08,71.39,70.11,1116.43
2021-06-09,71.31,69.9,1116.58
2021-06-10,71.65,70.34,1114.17
2021-06-11,72.05,71.0,1116.57
2021-06-14,72.27,70.94,1117.57
2021-06-15,73.38,72.06,1118.33
2021-06-16,73.88,72.03,1118.42
2021-06-17,72.92,71.06,1130.14
2021-06-18,73.1,71.64,1135.28
2021-06-21,74.49,73.64,1134.19
2021-06-22,74.92,73.15,1137.07
2021-06-23,75.22,73.11,1133.89
2021-06-24,75.95,73.31,1131.5
2021-06-25,76.45,74.21,1127.36
2021-06-28,74.78,72.98,1130.29
2021-06-29,75.38,73.14,1131.68
2021-06-30,76.94,73.52,1130.42
2021-07-01,76.69,75.33,1134.37
2021-07-02,77.51,75.37,1132.42
2021-07-06,75.81,73.62,1137.17
2021-07-07,74.31,72.22,1141.26
2021-07-08,75.07,72.98,1147.96
2021-07-09,77.14,74.56,1145.08
2021-07-12,76.77,74.21,1146.29
2021-07-13,77.5,75.24,1146.29
2021-07-14,75.74,73.06,1147.43
2021-07-15,74.53,71.67,1141.21
2021-07-16,74.46,71.76,1139.35
2021-07-19,69.33,66.45,1147.17
2021-07-20,70.03,67.32,1150.45
2021-07-21,72.54,70.26,1153.03
2021-07-22,74.25,72.15,1149.99
2021-07-23,74.86,72.24,1153.53
2021-07-26,74.79,72.15,1154.75
2021-07-27,74.87,71.68,1156.32
2021-07-28,75.09,72.37,1156.27
2021-07-29,76.3,73.62,1142.09
2021-07-30,77.72,73.93,1151.86
2021-08-02,73.91,71.31,1150.72
2021-08-03,73.24,70.64,1149.45
2021-08-04,70.99,68.19,1142.99
2021-08-05,72.14,69.1,1142.53
2021-08-06,71.02,68.26,1145.87
2021-08-09,69.65,66.56,1145.83
2021-08-10,71.14,68.33,1152.5
2021-08-11,71.99,69.3,1156.09
2021-08-12,71.79,69.12,1162.78
2021-08-13,70.9,68.36,1168.36
2021-08-16,70.07,67.44,1166.78
2021-08-17,69.4,66.5,1177.08
2021-08-18,68.61,65.36,1170.18
2021-08-19,66.8,63.69,1173.89
2021-08-20,65.51,62.25,1180.4
2021-08-23,69.07,65.65,1169.73
2021-08-24,71.21,67.5,1165.43
2021-08-25,72.12,68.54,1164.24
2021-08-26,70.42,67.42,1169.88
2021-08-27,72.26,68.84,1162.5
2021-08-31,73.45,68.43,1158.32
2021-09-01,71.99,68.63,1156.03
2021-09-02,73.56,70.07,1160.95
2021-09-03,73.07,69.34,1155.44
2021-09-07,71.52,68.49,1162.88
2021-09-08,72.36,69.36,1166.21
2021-09-09,71.32,68.26,1169.61
2021-09-10,72.44,69.82,1169.63
2021-09-13,72.97,70.54,1173.33
2021-09-14,73.05,70.53,1170.71
2021-09-15,74.84,72.59,1168.58
2021-09-16,75.14,72.69,1171.23
2021-09-17,74.64,72.09,1175.34
2021-09-20,73.59,70.41,1186.73
2021-09-21,73.65,70.51,1185.15
2021-09-22,75.5,72.37,1182.41
2021-09-23,76.44,73.43,1173.48
2021-09-24,77.42,74.18,1176.53
2021-09-27,78.85,75.54,1175.9
2021-09-28,78.3,75.44,1183.61
2021-09-29,77.86,75.06,1181.75
2021-09-30,77.81,75.22,1183.7
2021-10-01,79.4,76.01,1187.24
2021-10-04,81.44,77.68,1182.4
2021-10-05,82.72,79.17,1188.31
2021-10-06,81.39,77.66,1192.6
2021-10-07,82.34,78.46,1190.76
2021-10-08,82.17,79.55,1194.58
2021-10-12,83.53,80.75,1198.72
2021-10-13,83.53,80.67,1193.89
2021-10-14,83.86,81.43,1186.3
2021-10-15,84.67,82.39,1182.34
2021-10-18,84.13,82.62,1187.55
2021-10-19,85.02,83.19,1175.32
2021-10-20,85.76,84.4,1175.05
2021-10-21,84.58,82.64,1177.25
2021-10-22,85.43,84.53,1176.85
2021-10-25,84.85,84.64,1167.59
2021-10-26,85.11,85.64,1167.58
2021-10-27,84.12,82.66,1171.19
2021-10-28,83.4,82.78,1167.34
2021-10-29,83.1,83.5,1174.94
2021-11-01,84.51,84.08,1177.73
2021-11-02,84.42,83.91,1177.04
2021-11-03,81.1,80.82,1184.56
2021-11-04,80.15,78.88,1186.77
2021-11-05,82.43,81.25,1183.28
2021-11-08,83.22,81.96,1180.64
2021-11-09,84.52,84.12,1178.64
2021-11-10,82.91,81.23,1181.16
2021-11-12,82.9,80.87,1179.23
2021-11-15,81.94,80.85,1181.61
2021-11-16,82.85,80.76,1183.3
2021-11-17,80.67,78.32,1182.4
2021-11-18,82.45,78.92,1183.42
2021-11-19,80.24,76.11,1184.93
2021-11-22,80.97,76.74,1185.33
2021-11-23,83.43,78.32,1190.31
2021-11-24,82.37,78.32,1186.01
2021-11-26,72.37,,1194.43
2021-11-29,73.34,69.88,1192.96
2021-11-30,70.86,66.14,1187.45
2021-12-01,69.53,65.44,1187.45
2021-12-02,70.56,66.6,1175.18
2021-12-03,70.71,66.39,1179.84
2021-12-06,73.38,69.62,1182.29
2021-12-07,75.54,71.94,1179.24
2021-12-08,75.94,72.43,1175.19
2021-12-09,74.1,70.87,1173.59
2021-12-10,74.98,71.71,1180.99
2021-12-13,74.12,71.19,1184.19
2021-12-14,73.37,70.57,1182.7
2021-12-15,73.71,70.89,1186.06
2021-12-16,74.64,72.34,1183.59
2021-12-17,72.97,70.93,1181.03
2021-12-20,70.51,68.69,1191.07
2021-12-21,72.85,71.1,1192.35
2021-12-22,74.69,72.82,1190.21
2021-12-23,76.26,73.89,1187.59
2021-12-29,78.63,76.58,1185.51
2021-12-30,78.61,76.83,1188.59
2022-01-03,78.25,75.99,1191.39
2022-01-04,79.39,77.0,1193.77
2022-01-05,80.6,77.83,1196.38
2022-01-06,81.99,79.47,1205.02
2022-01-07,82.28,79.0,1200.78
2022-01-10,81.56,78.11,1199.13
2022-01-11,84.98,81.17,1194.62
2022-01-12,85.83,82.51,1187.34
2022-01-13,85.8,81.97,1187.95
2022-01-14,87.17,83.82,1186.96
2022-01-18,88.83,85.42,1192.74
2022-01-19,89.64,86.84,1188.51
2022-01-20,89.75,86.29,1191.96
2022-01-21,89.75,85.16,1193.87
2022-01-24,87.74,84.48,1195.68
2022-01-25,89.49,86.61,1198.66
2022-01-26,91.22,88.33,1197.46
2022-01-27,90.7,87.61,1202.65
2022-01-28,91.47,87.67,1209.04
2022-01-31,92.35,89.16,1206.78
2022-02-01,90.24,88.22,1209.44
2022-02-02,91.43,88.16,1201.7
2022-02-03,92.99,90.17,1206.35
2022-02-04,96.86,92.27,1199.43
2022-02-07,97.28,91.25,1198.64
2022-02-08,96.07,89.32,1198.05
2022-02-09,94.95,89.57,1196.36
2022-02-10,96.37,89.83,1196.31
2022-02-11,97.5,93.1,1198.72
2022-02-14,101.66,95.52,1196.21
2022-02-15,98.43,92.07,1199.78
2022-02-16,97.44,93.83,1197.51
2022-02-17,95.28,91.78,1197.39
2022-02-18,96.18,91.26,1195.4
2022-02-22,98.73,92.11,1192.07
2022-02-23,99.29,92.14,1193.42
2022-02-24,101.29,92.77,1202.34
2022-02-25,98.56,91.68,1201.93
2022-02-28,103.08,96.13,1202.28
2022-03-01,110.93,103.66,1204.34
2022-03-02,118.94,110.74,1205.58
2022-03-03,115.36,107.69,1204.35
2022-03-04,123.86,115.77,1213.71
2022-03-07,129.02,119.26,1226.78
2022-03-08,133.18,123.64,1237.18
2022-03-09,116.58,108.81,1234.01
2022-03-10,114.54,105.93,1228.21
2022-03-11,118.11,109.31,1231.47
2022-03-14,110.39,103.22,1241.46
2022-03-15,105.14,96.42,1242.65
2022-03-16,104.61,94.85,1228.04
2022-03-17,113.5,102.97,1214.33
2022-03-18,114.32,104.69,1212.2
2022-03-21,122.29,112.14,1216.12
2022-03-22,121.53,111.03,1217.09
2022-03-23,127.52,114.89,1217.92
2022-03-24,123.98,114.2,1220.45
2022-03-25,122.67,116.2,1218.77
2022-03-28,114.5,107.55,1225.46
2022-03-29,112.79,104.25,1219.21
2022-03-30,115.59,107.81,1208.46
2022-03-31,107.29,100.53,1211.55
2022-04-01,106.13,99.32,1215.29
2022-04-04,108.15,103.29,1214.72
2022-04-05,106.6,101.98,1212.55
2022-04-06,100.81,96.39,1212.55
2022-04-07,99.83,96.05,1218.96
2022-04-08,101.26,98.35,1225.13
2022-04-11,97.92,94.22,1233.38
2022-04-12,104.42,100.52,1236.03
2022-04-13,108.49,104.26,1227.17
2022-04-14,110.83,106.84,1224.18
2022-04-19,105.49,102.54,1236.53
2022-04-20,105.05,102.56,1235.28
2022-04-21,107.2,103.89,1238.13
2022-04-22,105.15,102.86,1239.66
2022-04-25,99.27,99.6,1249.87
2022-04-26,102.89,102.62,1260.37
2022-04-27,103.3,101.96,1269.35
2022-04-28,105.78,105.47,1271.5
2022-04-29,108.36,104.59,1255.87
2022-05-03,104.94,102.53,1267.82
2022-05-04,110.53,107.84,1265.22
2022-05-05,112.11,108.17,1256.05
2022-05-06,113.86,109.72,1272.58
2022-05-09,106.67,103.08,1276.29
2022-05-10,102.61,99.74,1275.02
2022-05-11,107.7,105.5,1275.04
2022-05-12,108.06,106.15,1288.65
2022-05-13,112.12,110.52,1283.51
2022-05-16,114.86,114.07,1284.79
2022-05-17,112.89,112.31,1274.33
2022-05-18,110.04,109.67,1266.36
2022-05-19,113.22,112.21,1276.91
2022-05-20,113.63,112.63,1267.87
2022-05-23,115.13,110.32,1263.85
2022-05-24,115.77,112.55,1265.97
2022-05-25,116.41,112.88,1264.58
2022-05-26,119.81,116.19,1267.83
2022-05-27,121.19,114.96,1250.13
2022-05-31,125.53,114.38,1236.93
2022-06-01,122.2,115.26,1246.52
2022-06-03,125.68,118.97,1242.23
2022-06-06,124.99,118.41,1253.52
2022-06-07,126.89,119.55,1255.32
2022-06-08,129.2,121.94,1253.5
2022-06-09,128.47,121.52,1256.91
2022-06-10,127.44,120.73,1268.01
2022-06-13,128.44,120.92,1283.69
2022-06-14,127.02,118.92,1285.87
2022-06-15,124.96,115.32,1290.05
2022-06-16,125.78,117.56,1286.76
2022-06-17,119.22,109.56,1287.36
2022-06-21,118.51,110.49,1293.25
2022-06-22,115.54,106.22,1297.21
2022-06-23,114.5,105.75,1300.86
2022-06-24,117.36,109.07,1298.71
2022-06-27,119.69,111.44,1286.2
2022-06-28,122.21,113.66,1290.18
2022-06-29,120.8,111.65,1298.39
2022-06-30,119.78,107.76,1298.95
2022-07-01,119.21,110.3,1297.18
2022-07-05,110.49,101.55,1299.69
2022-07-06,108.54,100.31,1307.1
2022-07-07,113.4,104.62,1299.51
2022-07-08,113.95,106.78,1299.51
2022-07-11,114.85,106.09,1308.9
2022-07-12,106.98,97.69,1311.91
2022-07-13,107.17,98.44,1306.65
2022-07-14,107.74,97.79,1311.76
2022-07-15,112.26,99.59,1321.15
2022-07-18,117.27,104.48,1316.7
2022-07-19,114.96,106.12,1313.52
2022-07-20,115.86,104.45,1313.1
2022-07-21,112.81,98.44,1307.58
2022-07-22,106.77,97.71,1312.82
2022-07-25,108.23,99.83,1313.27
2022-07-26,107.32,97.74,1308.33
2022-07-27,109.64,100.03,1313.14
2022-07-28,109.68,99.11,1299.69
2022-07-29,111.51,101.31,1299.08
2022-08-01,106.09,96.59,1304.18
2022-08-02,106.51,97.14,1304.89
2022-08-03,101.82,93.25,1310.69
2022-08-04,97.99,91.29,1310.2
2022-08-05,100.31,91.77,1298.22
2022-08-08,103.46,93.52,1306.11
2022-08-09,103.81,93.18,1304.5
2022-08-10,105.06,94.68,1310.54
2022-08-11,107.19,97.02,1302.72
2022-08-12,103.7,94.86,1302.13
2022-08-15,98.25,92.24,1305.85
2022-08-16,95.36,89.23,1308.54
2022-08-17,97.22,90.85,1310.16
2022-08-18,96.35,93.2,1319.94
2022-08-19,96.45,93.55,1325.5
2022-08-22,95.06,93.42,1339.4
2022-08-23,99.49,96.46,1339.4
2022-08-24,99.87,95.52,1342.05
2022-08-25,98.81,93.33,1335.46
2022-08-26,101.13,93.63,1331.17
2022-08-30,99.34,92.08,1346.37
2022-08-31,96.55,90.09,1338.66
2022-09-01,92.24,87.09,1354.34
2022-09-02,93.09,87.29,1362.2
2022-09-06,91.43,87.35,1378.95
2022-09-07,86.83,82.5,1383.72
2022-09-08,87.99,84.04,1380.51
2022-09-09,91.68,87.27,1376.74
2022-09-12,93.45,88.18,1377.38
2022-09-13,92.04,87.84,1373.76
2022-09-14,92.83,88.88,1391.1
2022-09-15,89.28,85.72,1393.93
2022-09-16,89.43,85.57,1384.48
2022-09-20,89.62,84.69,1389.86
2022-09-21,89.86,83.38,1395.92
2022-09-22,90.4,84.02,1412.29
2022-09-23,84.29,79.07,1409.42
2022-09-26,82.55,77.17,1432.47
2022-09-27,85.97,78.91,1422.39
2022-09-28,89.55,82.61,1440.5
2022-09-29,89.41,81.78,1439.15
2022-09-30,88.9,79.91,1431.67
2022-10-03,90.68,84.05,1434.83
2022-10-04,93.74,86.87,1425.75
2022-10-05,94.35,88.22,1410.74
2022-10-06,95.65,88.9,1402.33
2022-10-07,98.88,93.07,1412.54
2022-10-11,95.17,89.75,1435.36
2022-10-12,93.44,87.83,1423.81
2022-10-13,95.16,89.59,1430.4
2022-10-14,92.22,86.1,1428.06
2022-10-17,91.04,86.0,1434.73
2022-10-18,89.46,83.29,1422.19
2022-10-19,91.34,86.0,1426.07
2022-10-20,91.52,86.02,1431.63
2022-10-21,91.82,85.47,1440.31
2022-10-24,91.57,86.12,1439.14
2022-10-25,91.76,86.93,1432.46
2022-10-26,92.93,89.39,1425.68
2022-10-27,94.17,89.06,1419.0
2022-10-28,94.64,87.85,1421.67
2022-10-31,93.3,86.54,1424.6
2022-11-01,95.12,88.36,1416.2
2022-11-02,96.07,90.06,1418.31
2022-11-03,95.29,88.14,1423.99
2022-11-04,99.53,92.58,1423.99
2022-11-07,99.87,91.8,1402.05
2022-11-08,96.85,88.8,1384.61
2022-11-09,93.05,85.79,1364.85
2022-11-10,94.25,86.52,1377.52
2022-11-14,93.59,85.85,1327.38
2022-11-15,94.3,86.87,1317.88
2022-11-16,92.61,85.62,1326.46
2022-11-17,91.0,81.69,1338.97
2022-11-18,88.93,80.07,1339.61
2022-11-21,88.44,79.74,1354.87
2022-11-22,88.65,80.83,1356.66
2022-11-23,85.9,77.93,1352.49
2022-11-25,83.4,76.45,1325.22
2022-11-28,83.5,77.1,1340.66
2022-11-29,83.22,77.96,1327.24
2022-11-30,85.61,80.48,1316.84
2022-12-01,86.28,81.06,1299.11
2022-12-02,86.54,79.86,1300.5
2022-12-05,83.36,76.83,1292.58
2022-12-06,79.92,74.21,1319.31
2022-12-07,77.11,71.93,1322.23
2022-12-08,76.02,71.3,1317.56
2022-12-09,76.37,71.05,1301.61
2022-12-12,78.0,72.96,1307.62
2022-12-13,80.14,75.44,1301.47
2022-12-14,83.33,77.14,1294.79
2022-12-15,82.34,75.89,1302.91
2022-12-16,80.2,74.19,1307.73
2022-12-19,81.66,75.05,1302.29
2022-12-20,79.45,75.92,1290.41
2022-12-21,80.25,78.17,1284.7
2022-12-22,79.58,77.68,1275.68
2022-12-23,82.45,79.57,1280.02
2022-12-28,81.7,78.89,1267.54
2022-12-29,80.96,78.43,1265.58
2022-12-30,82.82,80.16,1260.18
2023-01-03,80.36,76.87,1271.1
2023-01-04,75.31,72.82,1272.15
2023-01-05,76.73,73.61,1268.91
2023-01-06,76.41,73.77,1268.13
2023-01-09,77.5,74.69,1243.62
2023-01-10,78.4,75.11,1243.83
2023-01-11,81.11,77.46,1245.39
2023-01-12,82.59,78.32,1246.26
2023-01-13,83.43,79.9,1241.59
2023-01-17,84.38,80.25,1238.7
2023-01-18,83.78,79.53,1237.32
2023-01-19,85.08,80.31,1232.05
2023-01-20,86.96,81.27,1235.57
2023-01-23,87.54,81.62,1228.59
2023-01-24,85.25,79.86,1234.79
2023-01-25,85.08,79.78,1231.67
2023-01-26,86.29,80.64,1230.95
2023-01-27,85.36,79.73,1231.53
2023-01-30,84.9,77.97,1227.31
2023-01-31,83.42,78.95,1231.95
2023-02-01,81.61,76.34,1231.77
2023-02-02,80.57,75.87,1220.34
2023-02-03,78.85,73.4,1229.22
2023-02-06,80.48,74.11,1252.61
2023-02-07,82.92,77.17,1255.53
2023-02-08,84.17,78.47,1260.03
2023-02-09,83.46,78.04,1259.67
2023-02-10,85.46,79.74,1264.15
2023-02-13,85.98,80.14,1277.05
2023-02-14,84.96,79.08,1268.93
2023-02-15,84.11,78.57,1282.16
2023-02-16,83.84,78.45,1284.33
2023-02-17,81.97,76.31,1299.62
2023-02-21,82.14,76.28,1295.99
2023-02-22,79.55,73.95,1304.31
2023-02-23,82.08,75.26,1296.79
2023-02-24,82.31,76.19,1304.59
2023-02-27,81.24,75.57,1322.45
2023-02-28,83.21,76.88,1323.45
2023-03-01,83.68,77.57,1315.15
2023-03-02,84.15,78.05,1313.96
2023-03-03,85.74,79.62,1300.59
2023-03-06,85.86,80.39,1296.14
2023-03-07,83.03,77.45,1299.7
2023-03-08,82.1,76.56,1320.81
2023-03-09,81.0,75.6,1321.58
2023-03-10,82.3,76.55,1324.51
2023-03-13,79.67,74.68,1300.46
2023-03-14,76.77,71.18,1306.13
2023-03-15,74.3,67.38,1317.78
2023-03-16,73.12,68.15,1312.13
2023-03-17,71.03,66.61,1303.75
2023-03-20,72.42,67.56,1310.69
2023-03-21,74.78,69.4,1310.65
2023-03-22,76.08,70.71,1307.5
2023-03-23,74.31,69.77,1278.93
2023-03-24,73.63,69.22,1292.57
2023-03-27,76.8,72.87,1301.01
2023-03-28,78.07,73.12,1298.26
2023-03-29,77.51,72.95,1303.38
2023-03-30,78.45,74.32,1298.89
2023-03-31,79.19,75.68,1303.8
2023-04-03,85.81,80.4,1316.38
2023-04-04,85.7,80.7,1315.1
2023-04-05,85.89,80.69,1310.05
2023-04-06,86.56,80.7,1319.1
2023-04-11,87.32,81.54,1322.04
2023-04-12,88.31,83.26,1325.34
2023-04-13,86.51,82.16,1310.68
2023-04-14,87.31,82.58,1299.12
2023-04-17,85.63,80.93,1311.36
2023-04-18,85.48,80.85,1318.43
2023-04-19,85.34,79.18,1325.28
2023-04-20,83.29,77.27,1323.28
2023-04-21,83.36,77.86,1327.53
2023-04-24,84.23,78.64,1334.94
2023-04-25,82.13,77.05,1331.93
2023-04-26,79.19,74.33,1336.23
2023-04-27,80.11,74.77,1337.75
2023-04-28,81.32,76.78,1338.41
2023-05-02,76.71,71.71,1341.0
2023-05-03,72.91,68.62,1337.94
2023-05-04,73.0,68.52,1322.21
2023-05-05,75.85,71.32,1318.38
2023-05-09,77.76,73.68,1323.59
2023-05-10,76.7,72.53,1324.48
2023-05-11,75.32,70.81,1325.09
2023-05-12,74.54,70.02,1333.74
2023-05-15,75.46,71.07,1336.13
2023-05-16,75.15,70.85,1338.64
2023-05-17,76.98,72.78,1337.29
2023-05-18,75.75,71.82,1333.88
2023-05-19,75.42,71.57,1326.12
2023-05-22,75.77,71.81,1317.77
2023-05-23,76.66,72.87,1312.01
2023-05-24,77.99,74.37,1316.71
2023-05-25,75.66,71.68,1325.9
2023-05-26,76.33,72.35,1324.4
2023-05-30,73.38,69.45,1324.59
2023-05-31,71.98,68.11,1324.55
2023-06-01,74.18,70.09,1321.35
2023-06-02,76.0,71.76,1305.21
2023-06-05,76.61,72.14,1308.16
2023-06-06,76.22,71.71,1297.93
2023-06-07,76.85,72.52,1303.62
2023-06-08,75.88,71.28,1304.26
2023-06-09,74.74,70.16,1291.46
2023-06-12,71.8,67.08,1288.61
2023-06-13,74.24,69.39,1271.48
2023-06-14,73.39,68.22,1278.44
2023-06-15,75.75,70.61,1279.99
2023-06-16,76.76,71.81,1272.68
2023-06-20,75.79,70.94,1280.21
2023-06-21,76.92,72.55,1291.78
2023-06-22,73.93,69.22,1294.75
2023-06-23,73.56,68.91,1304.19
2023-06-26,73.86,69.09,1304.88
2023-06-27,71.88,67.68,1299.99
2023-06-28,73.64,69.54,1307.76
2023-06-29,73.86,69.85,1317.73
2023-06-30,74.51,70.66,1317.8
2023-07-03,74.52,69.71,1308.37
2023-07-05,76.74,71.78,1298.74
2023-07-06,76.72,71.76,1300.85
2023-07-07,78.77,73.91,1304.89
2023-07-10,77.83,73.05,1306.45
2023-07-11,79.54,74.87,1293.64
2023-07-12,80.35,75.77,1288.17
2023-07-13,81.31,76.86,1273.99
2023-07-14,79.9,75.44,1266.28
2023-07-17,77.8,74.17,1267.02
2023-07-18,79.54,75.76,1260.87
2023-07-19,79.38,75.4,1265.76
2023-07-20,79.62,75.65,1269.26
2023-07-21,81.06,77.06,1283.71
2023-07-24,82.53,78.81,1280.54
2023-07-25,83.46,79.76,1275.32
2023-07-26,82.98,79.11,1274.04
2023-07-27,84.28,80.17,1277.23
2023-07-28,84.49,80.55,1276.69
2023-07-31,85.22,81.8,1273.85
2023-08-01,85.34,81.37,1283.84
2023-08-02,84.01,79.5,1297.66
2023-08-03,86.19,81.56,1298.54
2023-08-04,87.38,82.76,1309.49
2023-08-07,86.47,81.94,1305.94
2023-08-08,88.0,82.94,1316.02
2023-08-09,89.31,84.35,1315.45
2023-08-10,87.44,82.81,1315.54
2023-08-11,87.93,83.17,1324.17
2023-08-14,87.4,82.5,1330.05
2023-08-15,86.28,81.06,1335.0
2023-08-16,84.49,79.4,1336.84
2023-08-17,85.24,80.43,1341.13
2023-08-18,85.92,81.25,1337.99
2023-08-21,85.44,80.71,1342.45
2023-08-22,84.7,80.25,1335.06
2023-08-23,83.94,78.91,1339.12
2023-08-24,84.07,79.52,1321.07
2023-08-25,85.42,80.47,1324.11
2023-08-29,86.37,81.14,1321.87
2023-08-30,86.62,81.64,1323.42
2023-08-31,87.29,83.55,1322.43
2023-09-01,89.98,85.52,1318.34
2023-09-05,91.25,86.74,1330.16
2023-09-06,91.79,87.55,1330.87
2023-09-07,91.16,86.87,1335.03
2023-09-08,91.85,87.51,1332.83
2023-09-11,91.97,87.3,1331.59
2023-09-12,93.58,88.87,1327.29
2023-09-13,93.04,88.59,1329.7
2023-09-14,95.2,90.13,1325.88
2023-09-15,95.55,90.83,1325.89
2023-09-18,95.95,91.47,1323.99
2023-09-19,96.11,91.16,1328.13
2023-09-20,94.56,89.2,1330.34
2023-09-21,93.7,89.56,1340.08
2023-09-22,93.99,90.0,1336.58
2023-09-25,94.01,89.68,1336.03
2023-09-26,94.46,91.43,1348.69
2023-09-27,97.1,93.67,1349.05
2023-09-28,96.64,91.65,1356.41
2023-09-29,95.86,90.77,1347.86
2023-10-02,91.21,88.81,1351.67
2023-10-03,94.46,89.26,1360.62
2023-10-04,89.83,84.32,1362.94
2023-10-05,88.28,82.3,1350.22
2023-10-06,87.86,82.83,1350.17
2023-10-10,90.7,85.89,1349.79
2023-10-11,87.58,83.7,1339.31
2023-10-12,88.4,82.87,1338.21
2023-10-13,94.33,87.67,1349.65
2023-10-16,90.99,86.65,1353.67
2023-10-17,92.52,86.66,1353.6
2023-10-18,91.99,88.35,1349.45
2023-10-19,93.12,89.35,1357.5
2023-10-20,93.72,89.12,1352.92
2023-10-23,91.88,85.49,1353.7
2023-10-24,88.0,84.58,1342.68
2023-10-25,90.14,86.07,1349.07
2023-10-26,88.45,83.8,1359.32
2023-10-27,90.73,86.04,1355.15
2023-10-30,90.73,83.03,1350.98
2023-10-31,86.82,81.64,1351.03
2023-11-01,86.92,81.05,1356.94
2023-11-02,89.02,83.04,1342.91
2023-11-03,87.55,81.19,1322.04
2023-11-06,87.31,81.54,1297.94
2023-11-07,83.43,77.96,1308.33
2023-11-08,81.46,75.85,1309.98
2023-11-09,81.74,76.34,1309.89
2023-11-13,84.09,78.86,1324.97
2023-11-14,84.2,78.9,1328.74
2023-11-15,82.4,77.15,1300.34
2023-11-16,77.73,73.5,1297.1
2023-11-17,81.22,76.47,1296.21
2023-11-20,83.25,78.1,1291.48
2023-11-21,82.42,78.35,1289.34
2023-11-22,81.76,76.8,1300.06
2023-11-24,79.82,74.83,1306.08
2023-11-27,79.49,74.46,1304.33
2023-11-28,81.66,76.09,1293.71
2023-11-29,82.98,77.56,1292.74
2023-11-30,81.72,75.66,1289.95
2023-12-01,78.72,73.7,1305.45
2023-12-04,78.16,72.73,1304.43
2023-12-05,77.27,71.95,1311.47
2023-12-06,74.33,68.98,1313.03
2023-12-07,74.21,69.0,1325.27
2023-12-08,75.94,70.87,1307.11
2023-12-11,75.75,70.95,1316.38
2023-12-12,74.11,68.27,1313.75
2023-12-13,74.14,69.09,1319.76
2023-12-14,77.05,71.21,1296.11
2023-12-15,76.84,71.05,1295.92
2023-12-18,78.89,72.16,1297.63
2023-12-19,79.82,73.23,1307.95
2023-12-20,81.1,73.87,1299.22
2023-12-21,80.73,73.59,1304.82
2023-12-22,80.23,73.29,1302.54
2023-12-27,80.97,74.31,1293.38
2023-12-28,79.04,72.02,1288.45
2023-12-29,77.69,71.89,1290.97
2024-01-02,76.24,70.62,1300.52
2024-01-03,77.18,72.97,1305.1
2024-01-04,75.79,72.38,1310.39
2024-01-05,78.31,74.0,1315.62
2024-01-08,75.47,71.06,1315.58
2024-01-09,77.97,72.43,1315.92
2024-01-10,78.46,71.57,1320.42
2024-01-11,80.21,72.15,1313.04
2024-01-12,79.89,72.94,1313.41
2024-01-16,80.15,72.63,1331.5
2024-01-17,78.88,72.79,1344.23
2024-01-18,81.04,74.32,1338.73
2024-01-19,80.71,73.69,1338.53
2024-01-22,81.7,75.26,1338.25
2024-01-23,82.04,74.72,1333.76
2024-01-24,82.15,75.48,1337.74
2024-01-25,82.33,77.91,1336.0
2024-01-26,83.34,78.45,1336.08
2024-01-29,83.99,77.25,1335.5
2024-01-30,84.14,78.3,1328.93
2024-01-31,82.98,76.28,1334.9
2024-02-01,82.2,74.36,1331.78
2024-02-02,79.54,72.72,1321.9
2024-02-05,79.3,73.21,1330.98
2024-02-06,80.46,73.83,1326.83
2024-02-07,81.18,74.26,1327.37
2024-02-08,83.01,76.67,1328.07
2024-02-09,83.58,77.26,1333.1
2024-02-12,83.88,77.34,1331.37
2024-02-13,84.72,78.28,1327.88
2024-02-14,84.41,77.09,1335.06
2024-02-15,84.33,78.47,1333.84
2024-02-16,84.88,79.65,1334.96
2024-02-20,84.78,78.72,1337.25
2024-02-21,84.77,78.89,1334.95
2024-02-22,85.84,79.64,1328.71
2024-02-23,84.18,77.6,1328.71
2024-02-26,84.01,78.53,1330.86
2024-02-27,83.8,79.8,1330.86
2024-02-28,84.08,79.44,1336.02
2024-02-29,84.57,79.22,1336.19
2024-03-01,84.82,80.9,1334.8
2024-03-04,86.58,79.67,1331.29
2024-03-05,85.82,79.11,1336.51
2024-03-06,86.59,80.08,1333.99
2024-03-07,84.88,79.81,1324.3
2024-03-08,84.29,78.96,1319.28
2024-03-11,83.44,78.87,1312.55
2024-03-12,83.66,78.51,1310.82
2024-03-13,83.95,80.67,1314.67
2024-03-14,86.16,82.16,1318.2
2024-03-15,85.39,81.94,1329.35
2024-03-18,86.47,83.68,1333.59
2024-03-19,87.36,84.39,1338.28
2024-03-20,85.77,82.79,1339.02
2024-03-21,84.92,81.99,1322.11
2024-03-22,84.87,81.1,1338.14
2024-03-25,86.18,82.41,1342.61
2024-03-26,85.91,82.41,1344.0
2024-03-27,84.94,82.15,1348.58
2024-03-28,86.17,83.96,1346.01
2024-04-02,87.63,85.95,1351.37
2024-04-03,90.6,86.22,1348.5
2024-04-04,90.32,87.37,1346.87
2024-04-05,92.81,87.69,1352.58
2024-04-08,91.73,87.24,1353.2
2024-04-09,92.13,86.04,1354.8
2024-04-10,91.57,86.98,1349.05
2024-04-11,91.49,85.79,1364.19
2024-04-12,93.12,86.46,1374.74
2024-04-15,90.84,86.21,1383.63
2024-04-16,91.29,86.15,1393.92
2024-04-17,89.54,83.58,1385.88
2024-04-18,88.34,83.5,1373.42
2024-04-19,87.96,83.79,1376.72
2024-04-22,87.3,83.82,1381.84
2024-04-23,88.29,84.17,1379.27
2024-04-24,89.02,84.09,1369.86
2024-04-25,88.1,84.92,1369.86
2024-04-26,89.95,85.38,1375.1
2024-04-29,88.44,84.26,1377.35
2024-04-30,88.23,83.49,1381.92
2024-05-01,83.55,80.7,1386.95
2024-05-02,84.81,80.59,1375.39
2024-05-03,83.6,79.65,1363.04
2024-05-07,82.69,79.97,1359.45
2024-05-08,82.44,80.57,1359.45
2024-05-09,83.27,80.86,1369.74
2024-05-10,83.39,79.81,1367.77
2024-05-13,83.18,80.71,1367.91
2024-05-14,81.0,79.62,1368.77
2024-05-15,79.98,80.23,1360.15
2024-05-16,81.65,80.85,1345.15
2024-05-17,82.24,81.66,1354.83
2024-05-20,81.91,81.39,1356.0
2024-05-21,81.22,80.66,1363.54
2024-05-22,79.9,79.15,1362.36
2024-05-23,79.25,77.47,1362.38
2024-05-24,78.92,78.48,1369.02
2024-05-28,81.34,80.9,1357.65
2024-05-29,81.5,80.24,1365.07
2024-05-30,81.42,78.96,1365.07
2024-05-31,79.41,77.97,1385.43
2024-06-03,76.45,75.26,1375.91
2024-06-04,75.33,74.27,1375.96
2024-06-05,75.41,75.08,1372.58
2024-06-06,77.62,76.52,1365.45
2024-06-07,78.12,76.53,1366.38
2024-06-10,79.59,78.75,1375.71
2024-06-11,80.15,78.88,1375.71
2024-06-12,80.52,79.56,1378.01
2024-06-13,81.44,79.61,1376.11
2024-06-14,81.49,79.41,1378.96
2024-06-17,82.45,81.33,1380.5
2024-06-18,84.79,82.67,1380.88
2024-06-20,85.92,83.34,1384.38
2024-06-21,86.42,81.71,1388.17
2024-06-24,86.75,82.63,1389.17
2024-06-25,86.81,81.97,1387.16
2024-06-26,85.76,82.19,1388.65
2024-06-27,87.0,83.04,1385.76
2024-06-28,87.26,82.83,1376.55
2024-07-01,86.57,84.7,1383.0
2024-07-02,88.28,84.09,1386.55
2024-07-03,88.25,85.19,1384.85
2024-07-05,88.66,84.44,1379.87
2024-07-08,87.15,83.63,1382.73
2024-07-09,86.48,82.78,1383.39
2024-07-10,86.55,83.39,1383.42
2024-07-11,86.49,83.92,1370.85
2024-07-12,87.35,83.49,1374.9
2024-07-15,86.42,83.22,1382.97
2024-07-16,86.6,81.92,1384.99
2024-07-17,85.76,84.16,1380.61
2024-07-18,86.26,84.17,1383.85
2024-07-19,85.19,81.43,1389.29
2024-07-22,83.44,81.25,1388.71
2024-07-23,82.2,78.24,1385.78
2024-07-24,83.01,78.78,1379.4
2024-07-25,82.58,79.43,1380.57
2024-07-26,81.35,78.58,1383.11
2024-07-29,80.94,77.27,1381.93
2024-07-30,79.26,76.17,1384.98
2024-07-31,81.39,79.36,1369.29
2024-08-01,81.37,77.74,1368.5
2024-08-02,78.35,74.99,1359.38
2024-08-05,77.51,74.46,1367.68
2024-08-06,76.62,74.6,1377.4
2024-08-07,78.26,76.68,1374.98
2024-08-08,80.76,77.64,1376.94
2024-08-09,81.07,78.28,1363.71
2024-08-12,83.06,81.45,1369.87
2024-08-13,82.51,79.81,1367.28
2024-08-14,82.15,78.47,1355.35
2024-08-15,83.09,79.66,1363.21
2024-08-16,81.56,78.05,1354.34
2024-08-19,81.09,75.82,1334.21
2024-08-20,78.85,75.27,1331.78
2024-08-21,78.77,72.76,1333.74
2024-08-22,78.8,73.72,1343.23
2024-08-23,80.34,75.82,1327.56
2024-08-27,81.51,76.5,1330.9
2024-08-28,80.04,75.49,1335.15
2024-08-29,81.55,76.9,1332.02
2024-08-30,80.2,74.52,1336.0
2024-09-03,76.46,71.28,1339.79
2024-09-04,74.67,70.11,1336.93
2024-09-05,74.47,70.09,1335.14
2024-09-06,72.82,68.58,1335.68
2024-09-09,72.37,69.65,1342.16
2024-09-10,70.34,66.73,1343.41
2024-09-11,70.31,68.25,1340.59
2024-09-12,73.81,69.89,1341.35
2024-09-13,73.68,69.59,1329.26
2024-09-16,73.96,71.1,1320.59
2024-09-17,74.55,72.16,1323.81
2024-09-18,74.52,71.87,1324.15
2024-09-19,75.93,72.86,1329.08
2024-09-20,75.96,72.72,1333.66
2024-09-23,74.95,71.33,1334.12
2024-09-24,75.29,72.34,1330.0
2024-09-25,75.4,70.42,1335.1
2024-09-26,73.06,68.28,1314.78
2024-09-27,71.63,68.72,1309.43
2024-09-30,72.35,68.75,1314.94
2024-10-01,75.3,70.41,1323.78
2024-10-02,74.86,70.74,1321.53
2024-10-03,77.57,74.33,1335.58
2024-10-04,79.32,74.93,1348.74
2024-10-07,81.74,77.76,1343.75
2024-10-08,78.19,74.26,1346.49
2024-10-09,77.06,73.85,1346.04
2024-10-10,79.45,76.46,1350.77
2024-10-11,80.27,76.11,1350.71
2024-10-15,73.68,71.22,1365.17
2024-10-16,73.65,70.97,1363.76
2024-10-17,74.37,71.26,1371.08
2024-10-18,72.75,69.78,1369.65
2024-10-21,73.29,71.16,1379.14
2024-10-22,75.59,72.84,1379.22
2024-10-23,74.68,71.37,1381.61
2024-10-24,74.27,70.58,1382.11
2024-10-25,75.62,72.02,1389.24
2024-10-28,71.87,67.65,1385.57
2024-10-29,71.09,67.48,1382.2
2024-10-30,73.21,68.91,1378.41
2024-10-31,73.25,69.58,1377.57
2024-11-01,73.63,69.81,1376.95
2024-11-04,74.89,71.83,1375.17
2024-11-05,76.98,72.26,1380.26
2024-11-06,76.52,71.98,1399.98
2024-11-07,75.73,72.69,1384.66
2024-11-08,74.04,70.69,1396.69
2024-11-12,72.56,68.43,1408.28
2024-11-13,72.86,68.76,1404.24
2024-11-14,73.39,68.99,1402.77
2024-11-15,73.45,67.33,1397.42
2024-11-18,74.35,69.46,1394.28
2024-11-19,74.32,69.75,1392.83
2024-11-20,74.33,69.25,1399.51
2024-11-21,75.09,70.39,1401.0
2024-11-22,76.1,71.68,1405.49
2024-11-25,74.27,69.41,1401.03
2024-11-26,74.56,69.05,1396.69
2024-11-27,73.91,69.03,1391.14
2024-11-29,74.16,68.26,1396.99
2024-12-02,72.81,68.35,1406.13
2024-12-03,74.8,70.15,1427.83
2024-12-04,74.68,68.81,1412.16
2024-12-05,73.78,68.58,1415.88
2024-12-06,73.78,68.58,1422.4
2024-12-09,73.73,68.65,1430.05
2024-12-10,73.64,68.85,1432.6
2024-12-11,74.38,70.57,1428.5
2024-12-12,73.52,70.25,1429.47
2024-12-13,74.89,71.54,1434.82
2024-12-16,74.3,71.03,1437.86
2024-12-17,73.16,70.31,1436.16
2024-12-18,74.57,70.8,1438.13
2024-12-19,73.75,70.1,1446.06
2024-12-20,73.19,69.71,1444.52
2024-12-23,72.12,69.5,1451.76
2024-12-24,73.5,70.87,1457.36
2024-12-27,73.77,71.28,1470.4
2024-12-30,74.24,71.73,1472.32
2024-12-31,74.58,72.44,1477.86
2025-01-02,76.14,73.79,1472.52
2025-01-03,76.72,74.64,1470.0
2025-01-06,77.27,74.31,1459.94
2025-01-07,77.84,74.99,1452.42
2025-01-08,77.37,73.99,1459.85
2025-01-09,78.44,,1459.23
2025-01-10,79.76,77.27,1473.36
2025-01-13,82.69,79.57,1466.87
2025-01-14,82.39,78.2,1459.5
2025-01-15,83.48,80.73,1456.5
2025-01-16,82.39,79.35,1456.16
2025-01-17,83.02,78.56,1457.04
2025-01-21,80.57,76.79,1435.29
2025-01-22,80.0,76.12,1435.77
2025-01-23,78.62,75.03,1434.29
2025-01-24,78.71,74.97,1429.17
2025-01-27,77.3,73.51,1433.83
2025-01-28,78.01,74.15,1446.42
2025-01-29,77.02,72.94,1441.85
2025-01-30,77.42,73.1,1442.16
2025-01-31,77.11,72.84,1453.86
2025-02-03,76.49,73.52,1461.21
2025-02-04,76.58,73.04,1451.02
2025-02-05,74.71,71.39,1442.37
2025-02-06,74.54,70.97,1447.05
2025-02-07,74.68,71.32,1453.97
2025-02-10,76.23,72.73,1451.0
2025-02-11,77.65,73.67,1452.31
2025-02-12,75.38,71.72,1453.49
2025-02-13,75.61,71.66,1446.95
2025-02-14,75.19,71.05,1439.89
2025-02-18,76.46,72.21,1438.83
2025-02-19,76.34,72.58,1441.06
2025-02-20,76.95,72.88,1434.71
2025-02-21,74.88,70.72,1434.06
2025-02-24,74.89,71.06,1429.77
2025-02-25,73.11,69.15,1433.79
2025-02-26,73.49,68.87,1433.2
2025-02-27,75.01,70.62,1447.35
2025-02-28,74.76,69.97,1459.04
2025-03-03,72.85,68.63,1456.49
2025-03-04,72.31,68.47,1458.46
2025-03-05,70.92,66.58,1445.21
2025-03-06,71.08,66.62,1447.34
2025-03-07,72.49,67.29,1449.3
2025-03-10,71.08,66.31,1456.74
2025-03-11,71.51,66.52,1453.07
2025-03-12,72.36,67.65,1451.7
2025-03-13,70.82,66.82,1455.76
2025-03-14,71.94,67.43,1451.76
2025-03-17,71.93,67.84,1444.71
2025-03-18,71.93,67.49,1451.28
2025-03-19,71.94,67.4,1462.15
2025-03-20,72.61,68.55,1467.77
2025-03-21,72.64,68.52,1466.49
2025-03-24,73.96,69.46,1466.91
2025-03-25,73.78,69.48,1465.32
2025-03-26,74.6,70.05,1467.25
2025-03-27,74.72,70.3,1463.9
2025-03-28,74.69,69.74,1469.2
2025-03-31,77.23,71.87,1474.44
2025-04-01,77.78,71.61,1471.0
2025-04-02,77.27,72.12,1462.06
2025-04-03,72.54,67.43,1450.55
2025-04-04,68.36,62.42,1457.76
2025-04-07,66.13,61.05,1470.22
2025-04-08,64.86,60.04,1477.97
2025-04-09,67.3,62.63,1472.75
2025-04-10,65.37,60.57,1450.37
2025-04-11,66.83,61.91,1418.79
2025-04-14,67.18,61.99,1422.56
2025-04-15,66.58,61.74,1427.16
2025-04-16,67.94,62.88,1415.24
2025-04-17,69.33,65.07,1416.1
2025-04-22,68.93,64.6,1425.0
2025-04-23,68.26,62.64,1425.88
2025-04-24,67.5,63.55,1432.97
2025-04-25,66.99,63.85,1440.72
2025-04-28,66.13,63.3,1436.31
2025-04-29,64.04,61.84,1432.01
2025-04-30,63.37,59.55,1425.68
2025-05-01,62.37,60.59,1437.58
2025-05-02,61.57,59.67,1398.89
2025-05-06,62.37,60.42,1377.15
2025-05-07,60.31,59.42,1391.86
2025-05-08,62.22,61.25,1403.61
2025-05-09,64.26,62.37,1398.51
2025-05-12,65.28,63.32,1417.77
2025-05-13,66.93,65.04,1418.65
2025-05-14,65.91,64.48,1398.83
2025-05-15,64.36,63.03,1397.65
2025-05-16,65.2,63.84,1401.19
2025-05-19,66.25,63.98,1388.48
2025-05-20,66.93,63.97,1393.36
2025-05-21,65.86,62.93,1371.64
2025-05-22,64.87,62.55,1381.55
2025-05-23,65.41,62.89,1365.03
2025-05-27,64.32,61.61,1375.85
2025-05-28,65.72,62.54,1374.6
2025-05-29,64.6,61.66,1371.75
2025-05-30,64.32,61.46,1381.13
2025-06-02,66.55,63.27,1376.42
2025-06-03,67.48,64.1,1378.45
2025-06-04,66.69,63.57,1364.16
2025-06-05,67.14,64.06,1355.97
2025-06-06,68.02,65.3,1360.28
2025-06-09,68.73,65.99,1354.99
2025-06-10,68.41,65.66,1367.55
2025-06-11,71.29,68.91,1368.29
2025-06-12,70.84,68.73,1356.47
2025-06-13,76.0,73.84,1364.93
2025-06-16,75.05,72.53,1357.55
2025-06-17,78.7,75.62,1370.29
2025-06-18,78.38,75.89,1372.11
2025-06-20,78.73,75.72,1372.45
2025-06-23,74.34,69.36,1382.61
2025-06-24,69.13,65.45,1359.0
2025-06-25,68.4,65.98,1362.17
2025-06-26,68.57,66.44,1355.64
2025-06-27,69.37,66.66,1360.72
2025-06-30,68.15,66.3,1353.5
2025-07-01,67.63,66.64,1358.06
2025-07-02,70.8,68.66,1356.9
2025-07-03,70.42,68.13,1364.65
2025-07-07,71.95,69.16,1369.6
2025-07-08,72.5,69.55,1372.74
2025-07-09,71.98,69.61,1375.04
2025-07-10,70.38,67.78,1373.37
2025-07-11,72.06,69.63,1375.37
2025-07-14,70.96,68.19,1382.51
2025-07-15,70.27,67.76,1385.39
2025-07-16,69.67,67.13,1390.84
2025-07-17,71.32,68.76,1391.04
2025-07-18,71.06,68.53,1390.29
2025-07-21,71.92,68.39,1381.22
2025-07-22,69.69,67.56,1381.58
2025-07-23,69.17,66.05,1375.38
2025-07-24,70.42,67.16,1371.0
2025-07-25,69.23,66.38,1382.92
2025-07-28,70.87,67.81,1388.21
2025-07-29,73.21,70.27,1390.63
2025-07-30,73.98,71.09,1391.58
2025-07-31,73.43,70.36,1396.19
2025-08-01,70.55,68.39,1388.34
2025-08-04,69.56,67.33,1385.71
2025-08-05,69.14,66.2,1386.64
2025-08-06,67.97,65.38,1384.64
2025-08-07,66.99,64.9,1386.05
2025-08-08,67.17,64.94,1389.7
2025-08-11,67.36,65.03,1392.74
2025-08-12,66.8,64.22,1385.4
2025-08-13,66.25,63.68,1378.9
2025-08-14,68.12,64.99,1390.59
2025-08-15,67.3,63.78,1387.87
2025-08-18,68.18,64.51,1387.34
2025-08-19,66.62,63.38,1392.04
2025-08-20,67.61,64.19,1397.7
2025-08-21,68.41,64.56,1401.88
2025-08-22,68.29,64.08,1381.71
2025-08-26,66.89,63.6,1393.52
2025-08-27,67.75,64.49,1394.54
2025-08-28,68.61,64.96,1384.85
2025-08-29,67.83,64.36,1389.76
2025-09-02,68.09,65.95,1394.76
2025-09-03,67.76,64.36,1389.21
2025-09-04,66.41,63.81,1394.8
2025-09-05,64.92,62.22,1385.28
2025-09-08,65.44,62.6,1386.29
2025-09-09,67.97,62.97,1388.16
2025-09-10,67.62,64.01,1386.97
2025-09-11,67.25,62.71,1388.97
2025-09-12,67.87,63.02,1394.06
2025-09-15,67.88,63.66,1385.09
2025-09-16,69.69,64.89,1381.49
2025-09-17,69.19,64.41,1375.5
2025-09-18,67.83,63.91,1388.51
2025-09-19,67.05,63.02,1397.43
2025-09-22,66.87,62.99,1392.4
2025-09-23,67.96,63.76,1394.28
2025-09-24,69.64,65.4,1404.7
2025-09-25,70.48,65.51,1408.67
2025-09-26,71.15,66.5,1410.05
2025-09-29,69.0,64.27,1399.76
2025-09-30,68.52,63.17,1404.63
2025-10-01,66.67,62.59,1402.45
2025-10-02,65.44,61.28,1406.72
2025-10-03,66.13,61.65,1406.16
2025-10-06,67.09,62.49,1410.47
2025-10-07,67.1,62.52,1413.12
2025-10-08,67.42,63.37,1424.17
2025-10-09,67.23,62.36,1423.68
2025-10-10,64.41,59.75,1428.39
2025-10-14,63.0,59.52,1429.91
2025-10-15,62.33,59.08,1423.12
2025-10-16,61.08,58.29,1416.07
2025-10-17,61.23,58.3,1421.89
2025-10-20,60.71,58.34,1420.39
2025-10-21,61.0,58.66,1430.58
2025-10-22,62.28,59.3,1429.94
2025-10-23,66.32,62.44,1437.25
2025-10-24,65.8,62.27,1438.35
2025-10-27,65.52,62.13,1432.72
2025-10-28,64.03,60.97,1432.72
2025-10-29,65.01,61.26,1420.83
2025-10-30,65.11,61.36,1430.45
2025-10-31,65.44,61.75,1428.37
2025-11-03,65.79,61.79,1430.65
2025-11-04,65.04,61.38,1440.22
2025-11-05,63.54,60.4,1440.95
2025-11-06,63.41,60.24,1449.28
2025-11-07,63.72,60.54,1461.07
2025-11-10,63.01,60.94,1456.34
2025-11-12,61.88,59.3,1468.6
2025-11-13,62.14,59.54,1465.32
2025-11-14,63.45,60.87,1453.2
2025-11-17,63.16,60.66,1459.71
2025-11-18,64.86,61.51,1461.3
2025-11-19,63.78,60.27,1467.69
2025-11-20,63.64,60.07,1472.65
2025-11-21,62.78,58.86,1470.84
2025-11-24,64.83,59.11,1475.94
2025-11-25,63.99,58.25,1468.02
2025-11-26,64.81,58.81,1468.39
2025-11-28,64.07,58.58,1467.65
2025-12-01,64.22,59.47,1467.79
2025-12-02,63.37,58.81,1469.23
2025-12-03,63.75,59.09,1465.94
2025-12-04,64.15,59.82,1473.22
2025-12-05,64.42,60.23,1472.83
2025-12-08,63.3,59.04,1469.19
2025-12-09,62.62,58.4,1469.48
2025-12-10,63.12,58.67,1470.2
2025-12-11,61.87,57.76,1471.38
2025-12-12,62.11,57.61,1477.72
2025-12-15,61.55,56.97,1468.62
2025-12-16,59.93,55.44,1472.48
2025-12-17,60.61,56.07,1475.05
2025-12-18,60.69,56.22,1473.21
2025-12-19,61.35,56.8,1477.26
2025-12-22,62.22,58.18,1480.13
2025-12-23,63.7,58.55,1481.45
2025-12-24,63.7,58.72,1443.62
2025-12-29,63.1,57.89,1433.88
2025-12-30,62.3,57.79,1439.42
2025-12-31,61.35,57.26,1444.55
2026-01-02,61.98,57.21,1444.45
2026-01-05,63.0,58.1,1444.88
2026-01-06,62.1,56.97,1446.93
2026-01-07,61.08,56.01,1447.45
2026-01-08,63.34,57.74,1452.15
2026-01-09,65.11,58.96,1458.61
2026-01-12,65.4,59.39,1467.08
2026-01-13,67.58,60.85,1475.78
2026-01-14,68.87,61.84,1464.29
2026-01-15,66.16,59.13,1469.39
2026-01-16,66.97,59.4,1474.05
2026-01-20,67.68,60.3,1478.33
2026-01-21,66.72,60.38,1465.95
2026-01-22,65.46,59.24,1464.34
2026-01-23,68.16,60.7,1462.89
2026-01-26,67.7,60.46,1441.49
2026-01-27,70.28,62.04,1437.45
2026-01-28,70.9,62.75,1436.06
2026-01-29,71.0,64.77,1433.84
2026-01-30,72.25,64.5,1444.51
2026-02-02,67.72,61.6,1452.03
2026-02-03,70.01,62.62,1447.7
2026-02-04,71.15,64.56,1459.24
2026-02-05,69.87,62.9,1463.13
2026-02-06,70.45,63.77,1462.75
2026-02-09,71.19,64.53,1458.12
2026-02-10,71.01,64.2,1456.82
2026-02-11,71.52,64.8,1446.96
2026-02-12,69.8,63.08,1439.8
2026-02-13,69.96,63.05,1442.9
2026-02-17,69.77,62.53,1444.43
2026-02-18,71.78,65.33,1445.15
2026-02-19,73.17,66.66,1450.1
2026-02-20,72.75,66.69,1445.97
2026-02-23,71.9,66.36,1442.62
2026-02-24,71.21,65.62,1440.45
2026-02-25,70.69,65.3,1427.12
2026-02-26,71.66,65.1,1433.32
2026-02-27,71.32,66.96,1439.82
2026-03-02,77.24,71.13,1439.8
2026-03-03,83.28,74.48,1485.6
2026-03-04,81.56,74.58,1462.7
2026-03-05,88.59,80.88,1483.36
2026-03-06,95.74,90.77,1482.98
2026-03-09,94.35,94.65,1478.15
2026-03-10,89.84,83.71,1465.29
2026-03-11,90.98,86.8,1474.94
2026-03-12,102.38,95.61,1491.81
2026-03-13,103.23,98.48,1498.88
2026-03-16,101.04,93.39,1493.01
2026-03-17,108.39,96.01,1488.68
2026-03-18,118.09,96.12,1500.19
2026-03-19,111.05,96.11,1495.88
2026-03-20,118.42,98.71,1504.15
2026-03-23,103.79,89.33,1492.07
2026-03-24,108.42,93.18,1496.95
2026-03-25,109.14,91.51,1500.32
2026-03-26,113.39,96.18,1504.57
2026-03-27,121.47,101.26,1509.86
2026-03-30,121.88,104.69,1518.7
2026-03-31,126.69,102.86,1523.5
2026-04-01,119.56,101.9,1511.31
2026-04-02,127.61,113.23,1509.54
2026-04-07,138.21,114.58,1501.86
2026-04-08,122.11,96.17,1477.1
2026-04-09,119.03,99.62,1472.92
2026-04-10,119.07,98.34,1483.9
2026-04-13,123.28,100.72,1486.94
2026-04-14,118.69,93.07,1471.51
2026-04-15,114.93,93.04,1474.41
2026-04-16,116.63,96.46,1478.19
2026-04-17,98.63,85.91,1461.66
2026-04-20,103.4,91.06,1470.31
2026-04-21,106.14,93.64,1478.52
2026-04-22,113.44,94.76,1480.61
2026-04-23,113.25,99.27,1479.19
2026-04-24,111.86,98.42,1476.47
2026-04-27,113.89,99.89,1473.4
2026-04-28,117.62,103.45,1472.37
2026-04-29,124.16,110.47,1487.69
2026-04-30,124.24,108.64,1477.93
2026-05-01,118.26,105.38,1477.22
2026-05-05,114.51,105.66,1478.41
2026-05-06,103.7,98.75,1447.01
2026-05-07,101.82,98.38,1453.85
2026-05-08,103.48,98.87,1461.06
2026-05-11,106.11,101.56,1469.91
2026-05-12,111.37,105.78,1490.32
2026-05-13,110.28,104.52,1490.11
2026-05-14,110.91,104.66,1491.75
2026-05-15,113.96,108.99,1499.61
2026-05-18,116.73,112.25,1494.67
2026-05-19,114.64,112.09,1508.49
2026-05-20,108.93,101.69,1498.77
2026-05-21,105.84,100.2,1508.47
2026-05-22,106.9,100.35,1517.33
2026-05-26,102.75,97.63,1506.75
2026-05-27,97.11,92.35,1498.28
2026-05-28,95.47,92.65,1495.94
2026-05-29,92.88,91.16,1503.96
2026-06-01,98.29,95.96,1511.71
2026-06-02,98.49,97.47,1517.4
2026-06-03,101.69,99.76,1518.03
2026-06-04,98.98,96.83,1531.91
2026-06-05,97.29,94.32,1555.96
2026-06-08,97.46,95.0,1528.23
2026-06-09,94.15,91.9,1529.94
2026-06-10,95.73,93.68,1519.26
2026-06-11,92.84,91.58,1530.97
2026-06-12,88.64,88.62,1518.87
2026-06-15,84.36,84.65,1514.87
2026-06-16,80.5,79.8,1508.12
2026-06-17,80.33,80.65,1514.24
2026-06-18,79.35,80.35,1540.64
2026-06-22,76.49,78.94,1537.86
2026-06-23,75.69,74.62,1532.43
2026-06-24,72.09,71.42,1542.53
2026-06-25,73.74,72.67,1541.44
2026-06-26,70.16,70.3,1533.44
2026-06-29,71.59,71.87,1542.07
2026-06-30,70.46,70.56,1548.78
2026-07-01,69.24,69.74,1550.59
2026-07-02,68.53,69.73,1538.05
2026-07-06,69.56,69.6,1530.98
2026-07-07,71.78,71.53,1514.43
2026-07-08,76.5,74.56,1511.17
2026-07-09,74.46,73.15,1508.76
2026-07-10,74.34,72.45,1501.06
2026-07-13,81.62,79.2,1492.63
2026-07-14,83.69,80.44,1490.26
2026-07-15,83.08,80.73,1488.39
2026-07-16,81.23,80.03,1478.2
2026-07-17,85.01,83.43,1489.44
2026-07-20,86.99,84.38,1478.31
2026-07-21,93.85,86.04,1479.77
2026-07-22,94.12,87.66,1476.63
2026-07-23,105.32,93.08,1474.88
2026-07-24,100.31,91.74,1460.76
2026-07-27,91.82,84.25,1467.54
2026-07-28,85.51,80.91,1453.26
2026-07-29,91.95,86.08,1446.32
2026-07-30,91.91,85.15,1424.05
2026-07-31,96.95,86.16,1436.81
2026-08-03,88.9,81.96,1430.49
2026-08-04,86.47,77.33,1427.48
2026-08-05,86.65,76.78,1424.0
2026-08-06,89.65,78.88,1423.61
2026-08-07,87.62,79.77,1409.94
2026-08-10,92.74,83.76,1417.54
2026-08-11,93.26,84.77,1412.93
2026-08-12,92.52,84.97,1416.3
2026-08-13,92.03,82.77,1418.0
2026-08-14,92.02,83.99,1414.29
2026-08-17,92.43,86.04,1412.8
2026-08-18,95.29,86.48,1411.6
2026-08-19,92.37,87.28,1388.39
2026-08-20,94.0,89.75,1393.35
2026-08-21,96.92,87.21,1385.01
2026-08-24,92.71,86.34,1383.15
2026-08-25,88.24,83.9,1383.63
2026-08-26,87.77,83.46,1386.17
2026-08-27,90.18,84.81,1381.25
2026-08-28,89.75,84.57,1379.41
2026-09-01,96.02,91.48,1371.76
2026-09-02,97.59,92.15,1358.85
2026-09-03,100.52,92.55,1356.89
2026-09-04,102.24,92.69,1346.51
2026-09-08,106.12,94.21,1341.22
2026-09-09,109.51,97.26,1339.81
2026-09-10,120.98,103.57,1345.63
2026-09-11,118.06,101.27,1340.3
2026-09-14,121.25,102.42,1346.6
2026-09-15,130.8,107.02,1361.84
